1 2
1 5
2 3
3 4
4 85
5 6
6 2051
7 23743
8 23748
9 10
9 68
10 11
11 103
12 24522
13 72
13 3076
14 18
14 19
15 2134
15 2135
16 18
16 2143
17 63
17 97
19 2132
20 2142
20 2983
21 2151
21 2163
22 23
22 50
23 62
24 25
24 793
25 4231
26 52
26 65
27 1527
27 2578
28 30
28 3876
29 56
29 91
30 34
31 33
31 1215
32 33
32 2407
34 53
35 36
35 41
36 43
37 39
37 40
38 95
38 2773
39 44
40 2740
41 83
42 43
42 3458
44 4110
45 90
45 2617
46 67
46 2768
47 2760
47 4119
48 2744
49 51
49 63
50 79
51 69
52 2416
53 2421
54 14722
54 24897
55 56
55 1490
57 66
57 2773
58 59
58 2138
59 88
60 74
60 2144
61 105
61 2992
62 100
64 73
64 101
65 80
66 3517
67 3536
68 92
69 70
70 71
71 72
73 89
74 739
75 114
75 2420
76 82
76 2592
77 83
77 2699
78 79
78 893
80 1255
81 86
81 1210
82 1534
84 86
84 3196
85 610
87 88
87 738
89 113
90 1572
91 93
92 8154
92 22646
93 3364
94 98
94 115
95 1835
96 120
96 5105
97 917
98 116
99 1855
99 3536
100 917
101 1219
102 1541
102 1547
103 8110
103 8154
104 1503
104 4008
105 765
106 1481
106 1486
107 108
107 776
108 787
109 110
109 2319
110 111
111 112
112 1098
113 1210
114 1257
115 1518
116 1541
117 118
117 1552
118 119
119 1566
120 1573
121 1847
121 1863
122 124
122 1865
123 1864
123 1872
124 1872
125 21350
126 21339
127 21344
128 21347
129 23725
130 21349
131 23414
132 5820
133 21355
134 21360
135 25368
136 21342
137 22110
138 21348
139 8935
139 23534
139 23577
140 8484
141 8173
142 21352
143 21354
144 6007
145 7102
145 21343
145 23409
146 23740
147 7553
148 1890
148 21369
148 23725
149 8178
150 8938
151 5666
152 6417
153 7078
153 21341
153 23360
154 21341
155 5245
156 5821
157 7078
158 23362
159 6450
160 23743
161 7985
162 7798
163 23744
164 23746
165 7990
166 9064
167 9071
167 22112
167 22644
168 22645
169 5430
170 7097
171 6843
172 6445
173 6458
174 6451
175 6452
176 7537
177 23748
178 7194
179 7190
180 8761
181 9084
182 8758
183 8774
184 23749
185 8177
186 4147
186 9065
186 22113
187 5247
188 6371
189 6983
190 6020
191 7557
192 8473
193 5248
194 23750
195 5822
196 6450
197 6821
197 7104
197 7167
198 7559
199 7565
199 7706
199 23747
200 7999
201 21376
202 5249
203 5945
204 6824
205 22656
206 7847
207 21371
208 8475
209 5381
210 5824
211 6984
212 23756
213 21364
214 7822
215 5985
216 5279
217 5690
217 5976
218 5430
219 5694
220 5431
221 6850
222 6848
223 6027
224 6031
225 7710
225 7744
225 7754
226 7196
227 8765
228 8494
229 8160
230 8772
231 5913
232 5272
233 6986
233 21382
233 23416
234 6825
235 23765
236 6849
237 7197
238 8165
239 5705
240 6463
241 7543
242 8467
243 8806
244 8701
245 5708
246 6467
247 8183
247 8526
247 23749
248 5432
249 6429
250 6019
250 6466
250 6495
251 23114
252 5395
253 21380
254 7860
254 8112
254 23768
255 7746
255 7761
255 21384
256 7758
257 23778
258 7544
258 7571
258 23781
259 5913
259 5947
259 21387
260 5431
260 462
261 6052
262 7568
263 8787
263 8939
263 9072
264 6856
265 7524
266 7567
267 8004
268 7556
268 8489
268 8510
269 8790
270 9010
271 8504
272 5681
272 5709
272 23780
273 5439
274 5450
275 5451
275 1898
276 5715
276 21383
276 26112
277 6861
278 7205
279 8783
280 5455
281 6481
282 6487
283 6066
284 6457
284 6492
284 6497
285 8791
286 8793
286 8946
286 8992
287 8509
288 5684
289 5714
290 8510
291 8798
292 5717
293 6486
293 378
293 333
294 7714
294 21368
294 22116
295 8201
296 8204
297 6496
297 2830
298 21381
298 23417
298 23782
299 7398
300 7887
300 7902
300 8112
301 8006
301 8152
301 23795
302 8516
303 5832
304 23798
305 6894
305 7101
305 7127
306 7872
307 7233
308 8206
308 1935
309 5459
310 5833
311 7896
311 21390
311 21392
312 5278
312 6109
313 6072
314 23803
315 7405
316 8209
316 8376
316 23817
317 6862
317 318
318 22120
319 6742
319 6987
319 22120
319 22121
320 7268
321 7526
321 7618
322 7444
322 7193
323 8511
323 8537
323 8652
324 8521
325 8210
326 6867
326 455
326 402
327 7234
328 8525
329 8655
329 8704
329 8729
330 8516
330 8707
330 8715
331 5463
331 458
332 6499
333 23827
334 6498
334 6812
334 23832
335 7883
336 7287
336 8405
336 23829
337 8412
338 5288
339 6907
340 6472
340 6509
340 6512
341 6902
341 7837
341 7867
342 7243
343 7896
344 7252
344 7449
344 23786
345 8525
346 23831
347 6099
348 6906
348 7079
348 23664
349 6504
349 6525
349 6812
350 6081
351 7589
351 7633
351 7787
352 7608
353 8222
354 21400
354 23726
354 26114
355 5259
356 5295
357 23418
358 8116
359 7723
359 423
360 21402
361 5848
362 5648
362 5848
362 23799
363 5464
364 5458
365 6747
366 7597
366 2009
367 6868
367 8113
367 23853
368 7766
369 23839
370 5718
370 5855
370 23859
371 23828
372 7258
372 7450
372 25412
373 7897
373 8003
373 8117
374 7780
375 5953
375 23831
376 23846
377 5296
378 6542
379 6085
380 7889
381 8380
382 8220
382 2012
383 8825
383 8833
383 8837
384 5225
385 5485
385 399
386 6909
386 6995
386 7129
387 23870
388 5464
388 5499
388 23848
389 7586
389 7532
390 7610
391 5227
392 7271
393 8436
394 8449
394 8708
394 23118
395 8835
396 5484
397 6532
397 1970
398 6539
398 409
399 5297
400 2844
400 5446
400 22123
401 6828
401 7116
401 7149
402 6913
403 8560
403 8658
403 8727
404 8836
404 1972
405 8799
405 8960
405 9034
406 5488
406 1949
407 6136
407 436
408 6990
409 7623
410 7270
411 7451
411 499
412 7256
413 8552
414 8233
415 5484
416 23888
417 8409
418 6748
418 6190
419 5487
420 6145
420 6137
421 7275
421 7632
421 23578
422 7643
422 7617
423 23905
424 7641
424 7666
425 8661
425 8666
425 8716
426 6571
426 21395
427 8254
428 5424
428 5466
429 26115
430 8083
431 8259
432 8836
432 9041
433 8564
433 8565
433 8662
434 8665
435 5597
436 6137
437 7906
437 8019
437 8021
438 8258
439 8451
439 8599
439 8665
440 8453
441 5494
441 26443
442 6918
442 6925
442 7000
443 7114
444 6154
445 7611
445 2030
445 481
446 8568
447 5685
447 5728
447 5734
448 22932
449 5954
449 5991
449 23936
450 5738
451 5528
451 5600
451 5657
452 6131
453 5415
454 23918
454 474
455 23922
456 8020
456 7691
457 8846
457 9019
457 23932
458 5496
459 5998
460 5849
460 5999
460 23122
461 23923
461 533
462 6787
463 7309
463 7627
464 8077
464 23906
464 23952
465 23945
466 5396
466 5402
466 23917
467 6198
467 23672
467 25431
468 7615
468 7267
469 8258
470 23949
471 5289
471 523
472 7918
472 513
473 8454
473 2031
474 6386
475 6573
475 6711
475 6794
476 7484
476 7657
476 8388
477 6921
477 7174
477 23958
478 6922
478 7175
478 24014
479 6929
480 6589
480 7601
481 6620
482 7305
482 546
483 8588
484 5505
484 5634
484 5664
485 6952
485 6999
485 7086
486 6192
486 6167
487 7527
487 23980
488 5301
488 5507
488 21423
489 5748
489 5961
490 6596
490 6530
491 2016
491 8855
491 9076
492 6193
493 6592
493 6633
494 7121
494 7141
494 21413
495 7267
495 7682
495 23580
496 7335
496 7661
497 8389
497 8428
497 26447
498 8265
498 8283
498 8295
499 7732
499 546
500 7318
500 7345
500 7452
501 7453
502 8569
503 8026
503 8085
503 8118
504 5644
505 5498
506 5863
506 5883
506 5978
507 5922
507 21424
507 25443
508 6201
508 6756
509 7529
509 7620
510 21429
511 6441
511 6807
512 6443
512 22141
512 22681
513 7929
514 7919
514 7932
514 8118
515 7304
515 8309
515 8431
516 8329
516 8383
516 8390
517 8619
518 6229
519 7179
520 5754
521 21423
522 5750
523 5228
524 6146
524 6555
524 21426
525 6610
525 6815
525 23977
526 8734
527 8880
528 5689
529 23989
529 23918
530 6257
530 6187
531 7598
531 583
532 5523
532 26138
533 6753
534 8311
534 8631
535 8166
536 4806
536 22934
536 26961
537 6599
537 6807
537 6755
537 6756
538 8747
539 8172
540 2043
541 23992
541 23912
542 6657
542 6714
542 6816
543 6716
543 7801
544 5532
544 585
544 2047
545 6200
545 6297
545 26139
546 7359
547 8881
547 2024
548 5763
549 5533
549 5354
550 554
550 23123
551 8310
552 6267
552 25459
553 6236
554 7156
554 7162
555 8628
555 8700
556 8626
556 620
557 8622
557 604
558 8319
559 8681
560 5782
561 5777
562 23140
562 23644
562 23994
563 5310
563 5374
563 21475
564 5417
565 5518
565 5548
565 5552
566 5646
566 5665
566 21440
567 7532
567 2030
568 8328
568 8341
568 8631
569 2911
569 6955
569 7160
570 6001
570 6651
571 11982
571 8455
572 5234
573 5346
574 5409
574 9700
575 2913
575 5813
575 5875
576 6964
576 7178
576 24027
577 7370
577 7381
577 7428
578 7534
578 7696
579 8360
580 8885
581 8580
582 5517
582 5537
582 21497
583 7374
584 7692
584 603
585 5536
586 6291
586 6321
586 6357
587 8910
587 8974
587 21443
588 8751
589 8977
589 9080
589 24055
590 21482
590 24049
590 25471
591 8732
591 22938
592 8980
593 9046
594 5347
594 6294
595 6757
595 684
596 4193
596 7178
596 22684
597 7375
597 7363
598 4581
598 8913
598 9047
599 8458
600 5792
601 5788
602 2063
602 22165
602 26149
603 7702
604 22938
605 8900
606 5784
606 5894
606 5932
607 6314
607 6400
607 22169
608 7533
608 7736
609 8754
610 5549
610 5588
611 8927
611 8981
611 21444
612 8362
612 8392
612 8435
613 5329
613 9121
613 22948
614 6665
614 6796
614 22161
615 6347
616 6690
616 6604
617 6006
617 25487
618 7536
618 678
619 7974
619 21515
619 22159
620 24071
621 8638
622 8635
623 6717
623 6795
623 6817
624 7386
624 638
625 7429
625 8435
625 21472
626 24074
627 8738
628 8361
628 8369
628 8397
629 5372
630 5587
630 5557
631 5647
631 9437
632 6970
632 11376
633 6939
633 7072
633 21470
634 25480
634 23478
635 6444
635 6641
635 6820
636 5911
637 5380
638 7387
639 8308
640 5354
640 9698
640 22949
641 7775
641 22227
642 7387
642 663
643 21483
644 5816
644 653
645 5373
646 21335
647 5815
647 5807
648 7703
648 8629
649 5579
649 710
650 21478
650 21479
650 24109
651 6719
651 21492
651 22950
652 8375
653 23149
654 6284
654 6395
654 6803
655 6609
655 21505
655 22161
656 8374
657 5586
657 24079
657 24114
658 21465
658 21468
658 21504
659 6351
659 22170
660 7491
661 8870
661 8983
661 13490
662 21484
662 9728
663 7391
664 8104
664 8124
664 12462
665 5244
665 5368
665 9114
666 9132
667 22178
667 22698
668 7432
668 22958
668 24138
669 23153
669 25484
669 25500
670 24135
670 7362
671 12283
671 11979
672 11153
672 21492
672 22195
673 3638
673 21532
673 26962
674 5556
674 9434
674 9449
675 22956
676 10135
676 2090
677 4825
677 7968
678 11969
679 10070
679 21537
679 22695
680 704
680 6731
680 6766
681 10648
682 11613
682 7461
683 13195
684 21308
685 6363
685 10135
685 10642
686 7380
686 11577
687 11871
688 13251
688 8699
689 24146
689 21496
690 21526
691 12868
692 13084
693 9134
694 22172
695 10651
695 24068
696 10653
696 22196
696 22700
697 7360
697 7397
697 11604
698 11597
699 12859
699 12920
700 13574
700 13581
700 23595
701 13571
702 13480
703 9120
704 9467
704 9704
705 10148
706 10156
706 10642
706 25521
707 13482
707 13485
707 23266
708 13223
709 9681
710 9703
710 736
711 6727
711 10902
711 22201
712 6328
713 10142
713 25524
714 11981
714 21507
715 8984
715 9050
715 13674
716 24116
716 2127
717 9444
717 9699
718 9458
718 22699
718 24154
719 9131
719 9144
719 22210
720 12397
720 25523
721 11615
721 11571
722 11958
722 775
723 9155
723 9740
724 11801
724 11614
725 8640
725 12005
725 12045
726 22186
726 23655
726 23656
727 12007
727 3013
728 13226
728 13263
729 22711
729 23655
729 25518
730 10657
730 11012
730 11161
731 10674
731 11009
732 12820
732 21509
733 13442
733 12077
734 13487
735 9945
736 9473
737 10493
737 10547
737 24171
738 739
739 2094
740 7468
741 10652
741 9713
742 21536
742 21552
743 9948
744 10955
744 22225
744 23163
745 13198
745 13370
746 13200
746 13498
746 24198
747 13484
747 13636
747 25544
748 22232
749 10193
750 24181
751 11802
751 768
752 12874
753 10670
753 10678
753 11021
754 13239
754 13260
754 13434
755 9462
755 21547
755 22237
756 10923
756 11015
756 21310
757 10680
757 26459
758 10907
758 11102
758 22221
759 10622
760 10187
760 10548
760 10926
761 12008
761 12277
761 12440
762 770
762 763
763 764
764 765
766 10068
767 10684
767 11130
767 26181
768 11619
769 776
769 770
771 13420
772 23273
772 11574
773 12021
773 789
773 831
774 21556
775 12034
777 12899
777 13430
777 13436
778 9156
778 9189
778 9194
779 9727
779 21565
779 22237
780 9746
781 5803
781 9948
782 11580
783 13500
784 10698
784 11038
785 10171
786 12650
786 12653
786 22240
787 791
788 13499
788 13675
789 12443
790 22264
790 25563
790 26474
791 792
792 795
793 797
794 13514
795 796
796 804
797 807
798 12929
798 13133
799 9771
799 9822
800 21565
800 801
801 25561
802 2994
802 9791
802 10118
803 10195
803 10239
803 10554
804 805
805 806
806 807
808 13274
808 13579
809 9346
810 11298
810 11552
810 24243
811 11583
812 9802
813 9202
813 24177
813 24245
814 11177
814 23545
815 9193
816 9801
816 10044
817 3007
817 9204
817 9359
818 9193
819 822
819 10094
819 23730
820 24246
821 12013
821 12306
821 24283
822 10122
822 23548
823 2187
823 9507
823 23480
824 10242
824 10929
824 21569
825 10718
825 21569
825 24264
826 11936
826 22242
826 24265
827 13228
827 13275
827 13463
828 9205
829 3695
829 22246
830 9163
830 972
831 12083
832 12450
833 12271
833 12311
833 22249
834 24284
835 4623
835 10937
835 23703
835 26963
836 3032
836 12565
836 23513
837 13587
837 23172
837 23511
838 13297
839 24286
840 9192
840 9217
841 11402
841 22732
841 26182
842 10207
842 10269
842 22248
843 11584
843 2160
844 12089
844 11893
845 12313
845 12314
845 24283
846 13613
847 10259
847 10499
847 26670
848 24292
849 22729
849 872
850 9979
850 10053
850 10113
851 11045
851 11115
851 24277
852 12487
852 26672
853 21595
854 9811
855 9813
856 11230
857 11661
857 11674
857 11931
858 13533
859 12949
860 11193
860 11234
860 11543
861 2207
861 10961
862 10744
862 10761
862 11115
863 12101
863 12307
864 12668
864 902
865 13086
865 13132
865 13144
866 9223
867 11042
867 11165
868 13530
869 10689
869 10780
870 10212
870 10284
870 11140
871 10505
872 9225
873 10754
873 11044
874 12029
874 12327
874 12336
875 13527
876 13300
877 13282
878 9208
879 10781
879 23633
880 11945
880 24222
881 11809
881 11897
881 11932
882 9516
882 25611
883 11043
883 11138
883 11139
884 11651
884 11876
884 11893
885 12090
885 954
885 12043
886 13090
887 13536
888 10272
888 10974
888 11110
889 9719
889 24260
889 24335
890 12521
890 13450
890 24323
891 9532
892 12115
892 12124
893 11914
893 12044
894 23274
894 23482
894 23515
895 10307
896 10369
896 10506
896 10592
897 9749
898 21602
898 9822
899 10115
899 10120
899 22273
900 10795
900 10984
900 11154
901 11585
902 12525
903 13324
903 13381
903 13453
904 9838
905 9690
905 22282
905 25603
906 9580
906 9686
906 9730
907 11688
908 22271
908 22278
908 22280
909 13427
909 967
910 13321
911 13542
912 13539
913 12967
914 9258
915 10055
916 12678
918 13030
918 13465
918 22280
919 13548
919 981
920 13453
920 13468
920 24362
921 9258
922 12578
922 12757
922 24361
923 12758
923 12794
923 22281
924 10811
924 10980
924 22750
925 11348
925 11523
925 24364
926 11548
927 13597
927 23274
928 9254
929 9270
930 12685
931 12974
931 2234
932 13477
933 21603
934 10747
934 10814
934 24414
935 21605
936 12151
936 12403
937 12981
938 9693
938 9742
938 9744
939 9259
940 3067
940 11480
940 26218
941 10331
941 10342
941 11056
942 12584
942 12692
942 12765
943 11706
944 4285
944 13100
944 13134
945 13098
946 9533
946 9537
946 9547
947 12693
947 12696
947 24397
948 12154
948 2257
949 12974
949 13095
949 13189
950 12973
951 9750
952 9753
952 9875
952 9990
953 9587
953 22284
953 25608
954 22761
955 9870
956 12584
956 12833
956 22285
957 12975
958 9570
958 964
959 4290
959 9832
959 24437
960 10408
960 10509
960 21608
961 22988
961 24394
962 13326
962 13169
963 13102
964 9560
965 4289
965 9575
965 9663
966 24408
966 12446
967 13333
967 13390
968 9862
968 9882
968 10001
969 11195
970 3084
970 11263
970 11440
971 10382
971 10417
971 21319
972 9377
973 9100
973 9252
974 9285
974 9366
974 9420
975 10081
975 22983
975 25628
976 11691
976 11919
976 11921
977 23581
977 23649
977 26234
978 9100
978 9094
979 11486
979 11558
980 10771
980 12128
980 12430
981 13552
982 9421
983 9421
984 10828
984 10812
985 2265
985 11559
986 10870
986 11163
986 11164
987 24419
987 1003
988 11703
989 12985
990 13641
991 9890
991 1027
991 1023
992 9284
992 9388
992 10409
993 2279
993 10962
993 11064
994 10426
995 11881
995 1044
996 13338
996 13384
996 23278
997 10087
997 10088
997 10117
998 9579
998 9537
999 9889
999 10125
999 22288
1000 10826
1000 11062
1000 11164
1001 9903
1002 9893
1003 10433
1004 10222
1004 11940
1004 22753
1005 11751
1005 11820
1005 11835
1006 13614
1007 9561
1007 1099
1008 11182
1008 21616
1008 24447
1009 12711
1009 26499
1010 13555
1010 12500
1011 10442
1011 10643
1011 26236
1012 1013
1012 12815
1012 25645
1013 12530
1013 12799
1014 10088
1015 9289
1016 9413
1017 9604
1017 9587
1018 11923
1018 24459
1018 25638
1019 12195
1019 12437
1020 13327
1020 13401
1020 13457
1021 9298
1022 9422
1022 2301
1023 24466
1024 9388
1024 9389
1025 12169
1025 12204
1025 12230
1026 13660
1026 13663
1026 23177
1027 24467
1028 9723
1028 11059
1028 21635
1029 11761
1030 12185
1030 12213
1030 12239
1031 13013
1031 13023
1031 13114
1032 13339
1032 4302
1033 10456
1033 10464
1034 11271
1034 12705
1034 23587
1035 9908
1036 21647
1036 21657
1036 22991
1037 10459
1037 14433
1037 21636
1038 13340
1039 13345
1040 10460
1040 10579
1040 21728
1041 21658
1042 10846
1042 10840
1043 10849
1043 10873
1044 11762
1045 10022
1046 11763
1046 12196
1046 12375
1047 12636
1047 12708
1047 12735
1048 11591
1048 11779
1048 11846
1049 21716
1050 9621
1051 9101
1052 9562
1052 1099
1053 9307
1053 21691
1054 10859
1054 2288
1055 11778
1056 9101
1057 9551
1057 1116
1058 22992
1059 9329
1059 1072
1060 24500
1060 24622
1061 9333
1062 9639
1062 21727
1063 10463
1064 12375
1064 2317
1065 23681
1066 21694
1066 23681
1066 25674
1067 12532
1067 12534
1067 12632
1068 9610
1068 9679
1068 9696
1069 11593
1069 11784
1070 9102
1071 9108
1072 9109
1073 11766
1073 11788
1073 16313
1074 11792
1074 22768
1075 9292
1075 9335
1075 9396
1076 13346
1076 13404
1076 13417
1077 9312
1078 24522
1079 1086
1079 2326
1080 22778
1080 13934
1081 9416
1081 2327
1082 13147
1083 13364
1084 21725
1085 21726
1086 1096
1087 9911
1087 1113
1088 10476
1088 22773
1089 11864
1089 11935
1089 15823
1090 21696
1090 26507
1091 12643
1091 16962
1091 22315
1092 13350
1092 17683
1092 21697
1093 13351
1093 2342
1094 13635
1095 13365
1096 1097
1097 1098
1099 9641
1100 11756
1100 11888
1100 16197
1101 24507
1101 25715
1101 26699
1102 12246
1102 16863
1102 22318
1103 21692
1103 22336
1103 22344
1104 14662
1104 23182
1104 25703
1105 13961
1105 21727
1105 22778
1106 21737
1107 21737
1108 10644
1108 21765
1109 3138
1109 21759
1109 21779
1109 26964
1110 12635
1110 21752
1110 22782
1111 24527
1112 11098
1112 21675
1112 23706
1113 23180
1114 11166
1114 15541
1114 23651
1115 13928
1116 14098
1117 24543
1118 14122
1119 14763
1119 21732
1119 23016
1120 14832
1120 23378
1120 24536
1121 11787
1121 22345
1121 22347
1122 1123
1122 11798
1122 16253
1123 21762
1123 23017
1124 3154
1124 18198
1124 21741
1125 21707
1125 23288
1125 25728
1126 14122
1127 21755
1127 3145
1128 15362
1128 22349
1128 24534
1129 3152
1129 14473
1129 14506
1130 12238
1130 12258
1130 22351
1131 16307
1131 2306
1132 13702
1132 14416
1133 15423
1134 14418
1134 14463
1135 1148
1135 21733
1135 23293
1136 1142
1136 16866
1136 21752
1137 18020
1137 22353
1137 23588
1138 24558
1139 9929
1140 9914
1140 14386
1141 14420
1142 22346
1142 22374
1143 13961
1143 1322
1144 1146
1144 15137
1144 15327
1145 17299
1146 15128
1146 15294
1147 21765
1147 21778
1148 16765
1148 16805
1149 12382
1149 16685
1149 16804
1150 16586
1150 21667
1150 22362
1151 17300
1152 14131
1152 14253
1152 22795
1153 14257
1153 14389
1153 23014
1154 23184
1154 22443
1155 18008
1156 17673
1157 14123
1158 13700
1158 9402
1159 13632
1159 18064
1159 18253
1160 14130
1161 14129
1162 10058
1162 14139
1162 24587
1163 12245
1163 16806
1163 16852
1164 18040
1165 18046
1166 14851
1166 22810
1167 16097
1167 16101
1167 16256
1168 18263
1168 16962
1169 1179
1169 22800
1169 24582
1170 14129
1170 14132
1170 14133
1171 14848
1171 15336
1172 4344
1172 16592
1172 16700
1173 16325
1173 16591
1173 24593
1174 17678
1174 17695
1175 13974
1176 14512
1176 15414
1176 21784
1177 16975
1177 23382
1177 23639
1178 16689
1178 16775
1178 16828
1179 23637
1180 13934
1180 22355
1181 14667
1181 14673
1181 24595
1182 15537
1182 15664
1182 15700
1183 3852
1183 15845
1183 16106
1183 26965
1184 12251
1184 16601
1184 16808
1185 18077
1185 18265
1185 22801
1186 13973
1186 3158
1187 13701
1187 13860
1188 17493
1188 17682
1188 17705
1189 13721
1190 14453
1190 14461
1190 23640
1191 14501
1191 15834
1191 22804
1192 18081
1192 18174
1192 25748
1193 2386
1194 25747
1194 13858
1195 14511
1195 4349
1196 16090
1196 16113
1196 16122
1197 15865
1197 17339
1197 22395
1198 13722
1199 13727
1200 15436
1200 15433
1201 17177
1201 23639
1201 23641
1202 16378
1202 16768
1202 16859
1203 14141
1203 1288
1204 24634
1204 14321
1205 4363
1205 14875
1205 14891
1206 14857
1206 14896
1206 15163
1207 3193
1207 14678
1207 23640
1208 17336
1209 17513
1209 17520
1209 17654
1211 14151
1212 13947
1213 14154
1214 13684
1214 13756
1215 14522
1215 15331
1216 15334
1216 15391
1216 21810
1217 21789
1217 16814
1218 18082
1219 21768
1219 22409
1220 15450
1220 15554
1220 23686
1221 15833
1222 16981
1222 17243
1222 25782
1223 1226
1223 16694
1223 16708
1224 23198
1224 23634
1225 16376
1225 16417
1226 16713
1227 17357
1228 17712
1228 17666
1229 2404
1229 14305
1229 22411
1230 13909
1230 13911
1230 13924
1231 16383
1231 15846
1232 17716
1233 14267
1234 15833
1235 16715
1235 21828
1236 17712
1236 17721
1236 17917
1237 13728
1238 14161
1238 14268
1238 14323
1239 16334
1239 16603
1239 16829
1240 18072
1240 21827
1240 22424
1241 18202
1241 18212
1242 13734
1243 14163
1244 16399
1244 16608
1244 16777
1245 16355
1245 16382
1245 16609
1246 18085
1246 18202
1246 23303
1247 17717
1248 14390
1249 24687
1250 15891
1250 15897
1250 24654
1251 17582
1251 17587
1251 24664
1252 22426
1252 21895
1253 18010
1254 24728
1254 2494
1255 1256
1256 1257
1258 14685
1258 21832
1258 24690
1259 16720
1259 16784
1259 16837
1260 16881
1260 17137
1260 22428
1261 17362
1261 17524
1261 25788
1262 24709
1263 17718
1263 17930
1263 18010
1264 17720
1265 14393
1266 24712
1266 2413
1267 14901
1267 14947
1267 15174
1268 3223
1268 17033
1268 17235
1269 17217
1269 22815
1269 23562
1270 2440
1270 17315
1270 17389
1271 14394
1271 23635
1271 24685
1272 15304
1272 1302
1273 17041
1273 21840
1273 22428
1274 24740
1275 17973
1275 22436
1275 25793
1276 13756
1276 1317
1277 13763
1278 1282
1278 3217
1278 15418
1279 16362
1279 16724
1279 16816
1280 24741
1280 26308
1280 26310
1281 17371
1282 15305
1282 22821
1283 16206
1283 16234
1283 21839
1284 16621
1284 16726
1284 16833
1285 16785
1285 21853
1285 22438
1286 17523
1286 17586
1286 17631
1286 17656
1287 17525
1287 17786
1288 24754
1289 3906
1289 14926
1289 23307
1290 14554
1290 21835
1291 17217
1291 17221
1291 24768
1292 14269
1293 13696
1294 23044
1295 14543
1295 14694
1295 14781
1296 17094
1297 18086
1297 18203
1297 24753
1298 18088
1299 14272
1300 14521
1300 13918
1301 14553
1301 15190
1301 15227
1302 14922
1303 15307
1303 23564
1303 25812
1304 17387
1305 14934
1305 14081
1306 15807
1306 23630
1306 25826
1307 16625
1307 16716
1307 25818
1308 17223
1308 22823
1308 23201
1309 18047
1310 13697
1311 14395
1312 16401
1312 23564
1312 24820
1313 17926
1314 14925
1314 16415
1314 24814
1315 18093
1315 23203
1315 24800
1316 14178
1316 1353
1317 14008
1318 15556
1318 15764
1318 25839
1319 17042
1319 16909
1320 17025
1320 22823
1320 24819
1321 17394
1322 14004
1323 14177
1324 15669
1324 21874
1324 22446
1325 16730
1325 23687
1325 25832
1326 16792
1326 24755
1327 14066
1328 14959
1328 14014
1329 14967
1329 15356
1329 24812
1330 17097
1330 24785
1330 24822
1331 17139
1331 24802
1331 25833
1332 13764
1333 14962
1333 24745
1334 17003
1334 24803
1334 26325
1335 16904
1335 17043
1335 17236
1336 17911
1337 17544
1338 14109
1339 14570
1339 14580
1339 14938
1340 3939
1340 15453
1340 15718
1341 17735
1341 17804
1341 17977
1342 17544
1343 14110
1343 14328
1343 24830
1344 14078
1344 14091
1344 14101
1345 15928
1345 16237
1345 26326
1346 15918
1346 21877
1346 22449
1347 1348
1347 23721
1347 24878
1348 21888
1348 22451
1349 17726
1349 18114
1350 14372
1351 13818
1352 13823
1353 14381
1354 14325
1354 14350
1354 23673
1355 14976
1355 15374
1355 15400
1356 17815
1356 16715
1357 17407
1358 18052
1359 23056
1360 14193
1360 23054
1360 26329
1361 13886
1361 14016
1361 14103
1362 14985
1362 14973
1363 15484
1363 15733
1363 15809
1364 14586
1364 15236
1365 14955
1365 16480
1365 16511
1366 17098
1366 17227
1366 24875
1367 13824
1368 14994
1368 15376
1368 15404
1369 2505
1369 15236
1369 15271
1370 3937
1370 17395
1370 22477
1370 26966
1371 18058
1372 15001
1372 15229
1372 15242
1373 16653
1373 24882
1373 24889
1374 21885
1375 17790
1376 14333
1376 15467
1376 22832
1377 17410
1377 17536
1377 17637
1378 18063
1378 18189
1378 24892
1379 13830
1379 2524
1380 16146
1380 16161
1380 24958
1381 24895
1382 15308
1382 15408
1382 21896
1383 15959
1383 16562
1384 16489
1384 16741
1384 24889
1385 24902
1385 2519
1386 21907
1386 26545
1387 15965
1387 24855
1388 24913
1388 1508
1389 15031
1389 1454
1390 14598
1391 16486
1391 16504
1391 16842
1392 1398
1392 16861
1392 21897
1393 18108
1394 14019
1394 2479
1394 1419
1395 14020
1395 1454
1396 24917
1396 26898
1397 2526
1397 16862
1397 21908
1398 16836
1398 21909
1399 15009
1399 2568
1400 17145
1400 22466
1400 24938
1401 14029
1402 13956
1402 1415
1403 14204
1403 14382
1404 15420
1405 15240
1405 1446
1406 18102
1406 18154
1407 24940
1408 14036
1409 14215
1410 13772
1411 13851
1412 23215
1412 23440
1412 24922
1413 24943
1414 13871
1414 13959
1414 14039
1415 14040
1416 2540
1416 14050
1416 21880
1417 16523
1417 1422
1418 16919
1418 17052
1418 17106
1419 13958
1419 1453
1420 15422
1420 15611
1420 15685
1421 15038
1421 15041
1421 15389
1422 16524
1423 23491
1424 17551
1424 17626
1424 21321
1425 13878
1426 14216
1426 23225
1427 21311
1428 17545
1428 17556
1428 17596
1429 14022
1430 15495
1430 15593
1430 24983
1431 3979
1431 17108
1431 25879
1432 14218
1433 15618
1433 15770
1433 25002
1434 15053
1434 15070
1435 24998
1436 18149
1437 17842
1437 18122
1437 21935
1438 18109
1439 14054
1440 14054
1440 14032
1441 14055
1441 2577
1442 14779
1443 16536
1443 24937
1444 16299
1444 15986
1445 13854
1446 14053
1446 19141
1447 25003
1447 19346
1448 18154
1448 23632
1448 24992
1449 17561
1449 17597
1449 17629
1450 13829
1450 1452
1451 14225
1452 13848
1452 13834
1453 14063
1454 15055
1455 17847
1456 17857
1457 14061
1457 1500
1458 1465
1458 4727
1458 17054
1459 16539
1459 16679
1460 16008
1460 16178
1460 16248
1461 16799
1461 25016
1461 25022
1462 17831
1463 15312
1463 15057
1464 16241
1464 16266
1464 16271
1465 17060
1465 17158
1466 16017
1467 2553
1467 17644
1467 22858
1468 15278
1468 15411
1468 25020
1469 17118
1469 17205
1469 22492
1470 16538
1470 16754
1470 22854
1471 16752
1471 16855
1471 22854
1472 14228
1473 4000
1473 15280
1473 15282
1474 17580
1474 17598
1474 17645
1475 13837
1475 1595
1476 3344
1476 16074
1477 16173
1477 16250
1477 25049
1478 17057
1479 18125
1480 14238
1480 14362
1480 23224
1481 1482
1482 3349
1483 15637
1483 14240
1484 4738
1484 16030
1484 16189
1485 21946
1486 1489
1487 15078
1487 22497
1487 25038
1488 16177
1488 16217
1489 1496
1490 14738
1490 15313
1491 16940
1491 25888
1492 16048
1492 19807
1493 2581
1493 3998
1493 25066
1493 26967
1494 18163
1495 14064
1495 1504
1496 1502
1497 16042
1497 16220
1498 16564
1498 16755
1498 16802
1499 18110
1499 18252
1499 18259
1500 14062
1501 14298
1502 1503
1504 15072
1505 14605
1505 26359
1506 15508
1506 15525
1506 25065
1507 14115
1507 2616
1508 13903
1509 15697
1510 15063
1510 21975
1510 22497
1511 14640
1511 14807
1511 26359
1512 15525
1512 15530
1512 15642
1513 15105
1513 21952
1514 16177
1514 16218
1514 16279
1515 17997
1515 18037
1515 25073
1516 17630
1516 21921
1516 22509
1517 17863
1518 16845
1518 19877
1519 16057
1519 21949
1519 22499
1520 17065
1520 17157
1520 17233
1521 14229
1522 14234
1523 15115
1523 15289
1524 15651
1525 16045
1526 14363
1527 14797
1527 23492
1528 16585
1528 22884
1529 23455
1529 26968
1530 18165
1530 18252
1530 25078
1531 17874
1532 14065
1532 1588
1533 14235
1533 2607
1534 15378
1535 15502
1535 15638
1535 26969
1536 17867
1536 21076
1536 18278
1537 22517
1537 19888
1538 16672
1538 23608
1538 25935
1539 14035
1540 3383
1540 14657
1540 14805
1540 26970
1542 21977
1542 22511
1542 23338
1543 17266
1543 21328
1543 25061
1544 21981
1545 15086
1545 21987
1545 23338
1546 25936
1546 19631
1547 1551
1548 1549
1548 2609
1549 1552
1550 18166
1551 1553
1553 1555
1554 21112
1555 1563
1556 3377
1556 20192
1556 20213
1557 22547
1558 22550
1559 20769
1560 18455
1560 18662
1560 18833
1561 1562
1561 1563
1562 1571
1564 2619
1564 16067
1564 19624
1565 19582
1565 22551
1566 1567
1567 1576
1568 15077
1568 15317
1568 18899
1569 15118
1569 19076
1570 3397
1570 19067
1570 21976
1571 1572
1573 1574
1574 1575
1575 1576
1577 21977
1577 22559
1578 19517
1578 23234
1578 25954
1579 17744
1579 21101
1579 21103
1580 23077
1580 23732
1581 18301
1581 13905
1582 19343
1582 25118
1583 20876
1584 18896
1584 19072
1584 19208
1585 18279
1585 2625
1586 18866
1586 18892
1586 18901
1587 20343
1587 21966
1587 23235
1588 18302
1589 20624
1590 18308
1590 1621
1591 20594
1592 19896
1592 20189
1592 25138
1593 17646
1593 20659
1593 20824
1594 18387
1595 18309
1596 18301
1597 20581
1597 23343
1597 23346
1598 20339
1599 20873
1599 23527
1599 25159
1600 20821
1601 2637
1602 22884
1602 1649
1603 23393
1604 19236
1605 21105
1606 18427
1607 18310
1607 18288
1608 20911
1608 25180
1609 18427
1610 19940
1610 23240
1610 26385
1611 20868
1611 22018
1611 25179
1612 18906
1612 1643
1613 25174
1614 19604
1614 19842
1614 19869
1615 21121
1616 18773
1616 18782
1617 19568
1617 23243
1617 23245
1618 19910
1618 20223
1619 22031
1619 23080
1620 21053
1620 21083
1620 25180
1621 18311
1622 21117
1622 21188
1623 18490
1623 22026
1624 21233
1624 21257
1624 21261
1625 19597
1625 22886
1625 25218
1626 18824
1626 22035
1627 18488
1628 18311
1628 18312
1629 22030
1629 22036
1629 23247
1630 18403
1631 18784
1631 25299
1632 20661
1633 18525
1633 18721
1633 18838
1634 20672
1635 21124
1636 19243
1636 1664
1637 19159
1637 22035
1637 22037
1638 18850
1638 18942
1638 22580
1639 4062
1639 20677
1639 20822
1640 20678
1641 20681
1642 19369
1642 18376
1643 19082
1644 18511
1644 18908
1644 22580
1645 20383
1645 20382
1646 20682
1647 20662
1647 20783
1647 20788
1648 20700
1649 19964
1650 19994
1650 25169
1651 20387
1651 20557
1651 22592
1652 4068
1652 22032
1652 23505
1653 20705
1654 20394
1654 25196
1654 26598
1655 18404
1656 4065
1656 18507
1656 26016
1657 19977
1657 1658
1658 19944
1659 20863
1659 21046
1659 21055
1660 20955
1661 18312
1662 18381
1663 18317
1664 18983
1665 20439
1665 22040
1665 22586
1666 20378
1666 22592
1666 22595
1667 20928
1668 18320
1669 18385
1670 18870
1670 18953
1670 19209
1671 18947
1671 19098
1672 3458
1672 19153
1672 22045
1673 20304
1673 22043
1673 22894
1674 19657
1674 2673
1675 25237
1676 18386
1676 18406
1676 25238
1677 4959
1677 19523
1677 25239
1677 26971
1678 19961
1678 19966
1678 20037
1678 25236
1679 19990
1679 19870
1680 19375
1681 19991
1681 20156
1682 19685
1682 19990
1682 20195
1683 18714
1683 18814
1684 19667
1684 1701
1685 18421
1686 18426
1687 19226
1688 25247
1689 19197
1689 18938
1690 20196
1690 20230
1691 18316
1692 21313
1693 18296
1694 18449
1694 18744
1694 18799
1695 19980
1695 20006
1695 20145
1696 20022
1696 20197
1697 2701
1698 22047
1699 21085
1699 22060
1699 25249
1700 21146
1701 26026
1702 21107
1703 20935
1703 20985
1703 21085
1704 21148
1704 21210
1704 21271
1705 20957
1706 21238
1707 18335
1708 20308
1708 20531
1708 26027
1709 19997
1709 20025
1709 25245
1710 18297
1711 19664
1712 22602
1712 23348
1712 23709
1713 20714
1714 18299
1715 22063
1716 25248
1717 19683
1718 21062
1719 21203
1720 18558
1720 18752
1720 25252
1721 19006
1721 19096
1721 22612
1722 26038
1723 21107
1723 22613
1724 18428
1724 18438
1724 18441
1725 18339
1726 18347
1727 4960
1727 18878
1727 19013
1728 3489
1728 18978
1728 19020
1729 20307
1729 26048
1729 26053
1730 20725
1731 18737
1731 18818
1732 19692
1732 20819
1732 20848
1732 22903
1733 18993
1734 19199
1734 1767
1735 19267
1735 19294
1735 19557
1736 20312
1737 25273
1738 21155
1739 18384
1740 1741
1740 19998
1740 20049
1741 20245
1741 25273
1742 20315
1742 20537
1743 20797
1743 20820
1743 22073
1744 22072
1745 18793
1746 2732
1747 18378
1748 19295
1749 19294
1750 20204
1750 20227
1750 26078
1751 20174
1752 20313
1752 20469
1752 26059
1753 18348
1754 18544
1755 20283
1755 20314
1755 22908
1756 20410
1757 20706
1758 21162
1758 21174
1759 22071
1760 22616
1761 20124
1761 20207
1761 20247
1762 20404
1763 21317
1763 22072
1763 22616
1763 23616
1764 21279
1765 18359
1766 18576
1766 18592
1767 19042
1768 20056
1768 25286
1768 26620
1769 20010
1770 18436
1771 19723
1772 20160
1773 18350
1774 18349
1774 18351
1774 3488
1775 21013
1776 21165
1776 21242
1777 25304
1778 18440
1779 21034
1779 21040
1779 25282
1780 25317
1781 23257
1781 23733
1781 26043
1782 19044
1783 19397
1784 19736
1784 19720
1785 20599
1786 20715
1787 22635
1788 20597
1789 20729
1790 20604
1790 20732
1790 20813
1791 20818
1792 23617
1793 18594
1793 18609
1793 18803
1794 19740
1795 20733
1796 20755
1797 18437
1797 19324
1797 19469
1798 18610
1799 20485
1800 20328
1801 1811
1801 20405
1801 26082
1802 19174
1802 19177
1802 22093
1803 19743
1803 19783
1804 4527
1804 20164
1804 22636
1805 18300
1806 18300
1806 1807
1807 18353
1808 19321
1809 19752
1809 23102
1809 25364
1810 19831
1811 20495
1811 22637
1812 21021
1812 21066
1812 21072
1813 21243
1814 19325
1815 4128
1815 20498
1815 20587
1816 20100
1817 20177
1818 19745
1818 19785
1818 19832
1819 19302
1819 19403
1819 22100
1820 19326
1820 19334
1820 19535
1821 19329
1822 19202
1822 23699
1822 25311
1823 22089
1824 20085
1825 19121
1826 19124
1827 20472
1827 20591
1827 23468
1828 20089
1828 22641
1828 26084
1829 20257
1830 22096
1831 19330
1832 19409
1833 23700
1834 19400
1835 1847
1836 20048
1837 20103
1838 19751
1839 21169
1840 18882
1841 18884
1842 22106
1843 22099
1843 23113
1843 25359
1844 19408
1845 4540
1845 19117
1845 22101
1845 23404
1846 25353
1848 20082
1849 20237
1850 20237
1851 21041
1852 21074
1853 19573
1854 19335
1855 1865
1856 19802
1857 20183
1857 22630
1857 26441
1858 20102
1859 19739
1860 21075
1860 21173
1860 21302
1861 19012
1862 19128
1863 1864
1866 19708
1867 20260
1868 19833
1869 20210
1870 20106
1871 21173
1873 25360
1874 20183
1875 20756
1876 19131
1877 18649
1878 19336
1879 19577
1880 18658
1881 19340
1882 20109
1883 20260
1883 20545
1883 20593
1884 21174
1885 21108
1886 8493
1887 7564
1888 7552
1889 7198
1891 25371
1892 26104
1893 21348
1894 9060
1895 23752
1896 7745
1897 22653
1897 23751
1899 8760
1900 8472
1901 22649
1902 22111
1903 7195
1904 1908
1905 8109
1905 23413
1905 23757
1906 9060
1906 9075
1906 25383
1907 9002
1909 22928
1910 8703
1911 6086
1912 7566
1912 7710
1912 7779
1913 9003
1914 8200
1915 6827
1916 23767
1917 6059
1917 7440
1917 23752
1918 23742
1918 25382
1918 26636
1919 8792
1919 8941
1919 9084
1920 6473
1921 6102
1922 6855
1922 25370
1922 26442
1923 23114
1924 9010
1925 7711
1925 7716
1925 7757
1926 7209
1926 7410
1926 8182
1927 7989
1927 21394
1927 26108
1928 5447
1928 5450
1928 5669
1929 5438
1930 7404
1930 7433
1930 7521
1931 5830
1931 25397
1931 26637
1932 23794
1933 6493
1934 7849
1934 8073
1934 23795
1935 7406
1936 23796
1937 8483
1937 8654
1937 8657
1938 6494
1939 6074
1940 7255
1940 23824
1941 8488
1941 8523
1941 23813
1942 23469
1943 8217
1943 8433
1943 23802
1944 6055
1944 6384
1944 6415
1945 7233
1946 8009
1947 5217
1948 8524
1949 25403
1950 7886
1951 8219
1951 8376
1951 8377
1952 5718
1953 7614
1953 7619
1953 7765
1954 7280
1954 7405
1954 7450
1955 8503
1955 8533
1955 8728
1956 23825
1957 22659
1957 23119
1957 23814
1958 4556
1958 8812
1958 23535
1959 7408
1959 7481
1959 23875
1960 22122
1961 23865
1962 5465
1962 5599
1962 5829
1963 6882
1963 6912
1963 23895
1964 1965
1964 6101
1964 6121
1966 7409
1966 8377
1967 8234
1967 8379
1967 8536
1968 8942
1968 9066
1968 9085
1969 6541
1969 6806
1969 23838
1970 23874
1971 3576
1972 8450
1973 5416
1974 7519
1974 23881
1974 25413
1975 8411
1976 7105
1976 7910
1976 23853
1977 8824
1977 8848
1977 23886
1978 7678
1978 7721
1979 7781
1979 25414
1980 8552
1981 6145
1982 7420
1983 2859
1983 8832
1983 22664
1984 23879
1985 5640
1985 1986
1986 5643
1987 26116
1988 6916
1988 7113
1988 7177
1989 7279
1989 7317
1989 25423
1990 2864
1990 8130
1990 22125
1991 5642
1991 5514
1992 23701
1992 26972
1992 23957
1993 6924
1993 7177
1993 23914
1994 7286
1994 7448
1994 23940
1995 5745
1995 23636
1996 5493
1996 5503
1996 23909
1997 2007
1997 8257
1997 23876
1998 9024
1998 23421
1998 25416
1999 5729
1999 5740
1999 5753
2000 5322
2000 5607
2000 5643
2001 5299
2001 6111
2001 23937
2001 26120
2002 7005
2002 7117
2002 25430
2003 7009
2003 7115
2003 7172
2004 23422
2004 23900
2004 23924
2005 2011
2005 8144
2005 22127
2006 8084
2006 22126
2006 23930
2007 8270
2007 8385
2008 5719
2008 5733
2008 23933
2009 6586
2010 5321
2011 8088
2011 23931
2013 8012
2013 8949
2013 23954
2014 2017
2015 5527
2015 5470
2016 22129
2016 23951
2017 9061
2017 22129
2018 7671
2018 7790
2018 26450
2019 8386
2020 8553
2020 8623
2021 6192
2021 6217
2021 6327
2022 7913
2022 8027
2022 8155
2023 3596
2023 7672
2023 7688
2024 9041
2025 5401
2025 5421
2025 5423
2026 7734
2026 23943
2027 8604
2028 5483
2028 5620
2028 5639
2029 4976
2029 7013
2029 22132
2031 8544
2032 6399
2032 6295
2033 7151
2033 7176
2033 25448
2034 6566
2034 6648
2034 23977
2035 6163
2035 6210
2035 6224
2036 4180
2037 8625
2037 8673
2037 26453
2038 7423
2039 4979
2039 8871
2039 26973
2040 6209
2040 6290
2040 6399
2041 8746
2041 8880
2041 9063
2042 5749
2042 2086
2044 8095
2044 8108
2044 21427
2045 6268
2045 6598
2045 22943
2046 5779
2046 5979
2046 25464
2047 6819
2047 25440
2047 25466
2048 6639
2048 6670
2048 26136
2049 7931
2049 7946
2049 8102
2050 8720
2051 5551
2051 5645
2052 5346
2052 5407
2052 5414
2053 5548
2053 5542
2054 6312
2055 7941
2055 23427
2055 25471
2056 8466
2056 8603
2056 8685
2057 5345
2057 24006
2057 24021
2058 6317
2058 21442
2058 23989
2059 5646
2059 22149
2059 24056
2060 6681
2060 6762
2060 6819
2061 8039
2061 8121
2061 24051
2062 6337
2062 6356
2062 6394
2063 8030
2063 8119
2064 21442
2065 7518
2065 7735
2065 22676
2066 7943
2066 8056
2066 21444
2067 24059
2068 5670
2068 5672
2068 21441
2069 6947
2069 21445
2069 24060
2070 3620
2070 6763
2070 24041
2071 5791
2071 5994
2071 24059
2072 7055
2072 22684
2072 24060
2073 7388
2073 7454
2073 7487
2074 9032
2075 24062
2076 7028
2076 7049
2076 22162
2077 7950
2077 7957
2077 8052
2078 5877
2078 5938
2078 24061
2079 5360
2079 24026
2079 24081
2080 5351
2080 5361
2080 21481
2081 8253
2081 13071
2081 24067
2082 8282
2082 13075
2083 8637
2084 7694
2084 22160
2084 24082
2085 6720
2085 22951
2085 23368
2086 24085
2087 5647
2087 6730
2087 24063
2088 6783
2088 6817
2088 24075
2089 6370
2089 6656
2089 6775
2090 6348
2091 24096
2092 5371
2093 24097
2094 7705
2095 8919
2096 4203
2096 6779
2096 21471
2097 22690
2097 24117
2097 24119
2098 7963
2098 12805
2098 21459
2099 12844
2100 5906
2100 10029
2100 22182
2101 24133
2102 5912
2102 9773
2102 10090
2103 5794
2103 10093
2103 23369
2104 5633
2104 9436
2104 9941
2105 7189
2105 12870
2105 21474
2106 5619
2106 9452
2107 21525
2107 12016
2108 10132
2109 13197
2110 21504
2110 21540
2110 24147
2111 21506
2111 21544
2111 22224
2112 8040
2112 12536
2112 23156
2113 11600
2113 11609
2113 24137
2114 8691
2114 13199
2114 13238
2115 13083
2115 13127
2115 24152
2116 12883
2117 9754
2117 24145
2117 26171
2118 10162
2118 10176
2118 21522
2119 12867
2119 24153
2119 26169
2120 11198
2120 11385
2120 11454
2121 9650
2121 9654
2121 9682
2121 21503
2122 11560
2122 11962
2122 24151
2123 22963
2123 24154
2123 24159
2124 10688
2124 10908
2124 11153
2125 11594
2125 11616
2125 11637
2126 10038
2126 2987
2127 9155
2128 24158
2128 24164
2129 11618
2129 12916
2129 13454
2130 10914
2130 11294
2130 11459
2131 7739
2131 12396
2132 2133
2133 2134
2135 2136
2136 2137
2137 2138
2139 24170
2140 11612
2140 11801
2140 26466
2141 10157
2141 10194
2141 24183
2142 2143
2144 2146
2145 12538
2145 13518
2145 24184
2146 2147
2147 2151
2148 13489
2149 22232
2150 10035
2150 10040
2150 24185
2152 12869
2153 10489
2153 10930
2153 11020
2153 21546
2154 6311
2155 10273
2155 10496
2155 10624
2156 9405
2157 12033
2157 2158
2157 11974
2158 23273
2159 11599
2159 11807
2159 11874
2160 26466
2161 24201
2162 11213
2162 11552
2162 26179
2163 2168
2164 2165
2164 12779
2164 24184
2165 12557
2165 12571
2166 10041
2166 10097
2166 23624
2167 11024
2167 11107
2168 2177
2169 12480
2169 12823
2170 11622
2170 12093
2171 9474
2171 23481
2171 25546
2172 11973
2172 12280
2172 24221
2173 11393
2173 11501
2173 24202
2174 11608
2175 8926
2175 13580
2175 24218
2176 9349
2176 24173
2176 24214
2177 2178
2177 11997
2178 12310
2178 12444
2179 10186
2179 10192
2179 10497
2180 3002
2181 10238
2181 10554
2181 22244
2182 10633
2182 24188
2182 24229
2183 13532
2184 10736
2184 11028
2184 11103
2185 11636
2185 11808
2185 24280
2186 11397
2186 11506
2186 26195
2187 21580
2188 26666
2189 13208
2189 13376
2189 13383
2190 13296
2191 9502
2191 9543
2191 9715
2192 24288
2193 12552
2193 12660
2194 13366
2194 21587
2194 24220
2195 11194
2195 11330
2195 23165
2196 11643
2196 11891
2196 24281
2197 12098
2197 24273
2197 25581
2198 13370
2198 13464
2198 25584
2199 24294
2199 26480
2200 10741
2200 10753
2200 10936
2201 12930
2201 12953
2201 12954
2202 21595
2203 9816
2203 10116
2203 10119
2204 11407
2204 11546
2204 24295
2205 10252
2205 10341
2205 10502
2206 12958
2206 13441
2206 24311
2207 10714
2207 10981
2208 24306
2209 3725
2209 11105
2209 11162
2210 11334
2210 11413
2210 11462
2211 10738
2211 12321
2211 24308
2212 24309
2213 9513
2213 9532
2213 24307
2214 9874
2214 9975
2214 25594
2215 10241
2215 10508
2215 24314
2216 11875
2216 11879
2216 11899
2217 12161
2217 12326
2217 26782
2218 12100
2218 12315
2219 4264
2219 12509
2219 26676
2220 13449
2220 24323
2220 26203
2221 13265
2221 13281
2221 22271
2222 13310
2222 13323
2222 13427
2223 13259
2223 13452
2223 24324
2224 11547
2224 24359
2224 25600
2225 13503
2225 13529
2225 13602
2226 9844
2226 9985
2226 10054
2227 22272
2227 23433
2227 26673
2228 2234
2228 12955
2229 21600
2229 22735
2229 26207
2230 9536
2231 12117
2231 12057
2232 10077
2232 21602
2232 24344
2233 13551
2233 13678
2233 23515
2235 4280
2236 9233
2236 9245
2236 9406
2237 10808
2237 22260
2237 24357
2238 12576
2238 24361
2238 24369
2239 13316
2240 11698
2240 11745
2240 26209
2241 13091
2241 13097
2241 22747
2242 10262
2242 10358
2242 10512
2243 2244
2243 10985
2243 11052
2244 10834
2244 11048
2245 12583
2245 12804
2246 13479
2246 13638
2246 25613
2247 9677
2247 9692
2247 9745
2248 10293
2248 10357
2248 10383
2249 4638
2249 12585
2249 21607
2249 26975
2250 12590
2250 12761
2250 24399
2251 3077
2251 11900
2251 11920
2252 10410
2252 10625
2252 21608
2253 11524
2253 11551
2253 25624
2254 10986
2254 10993
2254 24401
2255 4997
2255 11441
2256 12780
2256 12797
2256 12801
2257 24409
2258 12725
2258 24403
2259 12173
2259 12400
2259 12432
2260 9559
2261 9365
2261 9387
2261 9420
2262 3770
2262 12320
2262 12407
2263 9088
2263 9409
2263 9410
2264 9894
2265 11420
2266 11702
2266 11732
2266 11830
2267 12166
2267 12428
2267 24413
2268 3766
2268 25627
2269 13016
2269 13101
2269 25622
2270 9852
2271 12589
2271 12782
2271 24371
2272 12062
2272 22751
2272 22755
2273 12178
2273 12435
2274 13429
2274 22277
2275 13640
2275 23650
2275 25640
2276 9790
2276 9910
2276 10087
2277 9297
2277 10308
2277 10528
2278 10363
2278 10531
2278 10635
2279 11070
2279 24420
2280 10435
2280 10523
2280 24444
2281 10830
2281 11055
2281 11063
2282 10827
2282 21613
2283 9920
2283 10010
2283 24439
2284 13614
2285 9611
2285 10006
2286 10821
2286 21680
2286 24417
2287 10527
2288 10807
2289 12601
2289 24449
2290 12816
2290 22286
2290 22291
2290 26237
2291 10643
2291 24445
2292 12182
2292 12195
2292 12206
2292 12434
2293 12356
2293 12412
2293 12431
2294 4653
2294 22986
2294 25646
2294 26976
2295 10392
2295 10559
2295 26500
2296 24457
2297 10829
2297 11076
2297 21635
2298 11259
2298 11444
2298 11528
2299 12360
2299 21629
2300 12529
2300 24460
2300 26977
2301 9306
2302 3117
2302 3806
2303 11761
2303 11762
2303 11839
2304 11750
2304 11885
2304 23007
2305 11848
2305 11924
2305 25653
2306 22308
2307 10024
2307 22995
2307 24458
2308 12221
2308 3845
2309 12600
2309 12736
2309 21663
2310 10012
2310 10089
2310 10100
2311 11778
2311 11844
2311 21693
2312 12212
2312 12420
2312 25670
2313 22312
2313 22993
2313 23583
2314 12223
2314 12257
2314 26245
2315 11755
2315 11800
2315 13005
2316 10441
2316 10532
2316 22779
2317 12413
2318 12618
2318 12768
2318 12769
2319 3127
2320 12265
2320 12422
2320 24501
2321 4658
2321 13411
2321 13412
2321 26978
2322 9931
2322 14150
2322 22996
2323 2325
2323 3805
2324 9888
2325 2326
2327 9332
2327 9394
2327 24504
2328 11095
2328 11100
2328 24493
2329 21715
2329 22320
2329 26507
2330 11797
2330 11887
2330 11930
2331 3818
2331 13566
2331 13634
2332 9640
2332 9647
2333 10471
2333 21705
2333 25704
2334 14256
2334 23015
2334 24477
2335 13029
2335 23682
2335 25710
2336 9393
2336 13717
2337 12250
2337 12376
2337 16771
2338 3828
2339 10888
2339 24534
2340 12647
2340 16867
2340 17162
2341 22784
2343 14448
2343 22781
2344 11365
2344 15804
2344 22340
2345 24535
2346 16222
2346 16287
2346 25718
2347 12986
2347 13067
2347 17299
2348 14853
2348 21738
2348 22790
2349 15425
2349 22775
2349 23651
2350 13698
2350 21758
2351 16311
2351 17674
2351 23439
2352 14128
2353 17694
2353 21704
2353 26518
2354 17305
2355 16969
2355 16991
2355 24573
2356 17883
2356 18009
2356 26519
2357 21786
2357 13745
2358 17338
2358 17514
2358 22788
2359 13979
2360 2364
2360 14130
2360 14138
2361 21778
2361 24554
2361 24611
2361 14766
2362 17246
2362 22359
2362 23591
2363 3853
2363 16096
2363 16224
2364 14398
2364 21777
2365 15187
2365 15828
2365 22416
2365 22805
2366 16804
2366 16807
2366 24594
2367 16265
2367 22348
2367 25746
2368 16361
2368 16852
2368 21787
2369 16997
2369 22794
2369 24590
2370 16809
2370 17677
2370 21788
2371 13356
2371 17898
2371 17900
2372 14441
2372 14668
2372 14800
2373 16588
2373 16781
2373 16805
2374 13721
2375 16702
2375 16370
2376 16968
2376 23297
2376 24597
2377 17673
2377 17899
2377 17904
2378 15656
2378 15658
2378 15660
2379 16996
2379 17126
2379 23591
2380 16377
2380 16594
2380 24625
2381 18084
2381 23557
2381 25748
2382 18177
2382 18265
2383 14402
2383 14669
2383 24611
2384 16289
2384 22814
2384 24612
2385 4358
2385 18178
2385 18241
2387 13973
2387 13992
2388 21794
2388 22406
2388 23193
2389 13709
2389 13855
2389 13910
2390 13857
2390 14452
2390 24675
2391 17361
2391 17655
2391 24647
2392 14083
2392 14085
2392 26292
2393 15438
2393 15666
2393 25762
2394 15549
2394 15814
2394 23634
2395 2402
2395 23194
2395 24636
2396 16812
2396 21806
2396 24644
2397 17283
2397 17335
2397 25777
2398 14365
2399 13991
2399 21801
2399 24638
2400 15392
2400 21799
2401 16324
2401 16372
2401 21813
2402 16396
2402 23197
2403 18023
2403 18024
2403 21793
2404 3196
2405 2406
2405 2409
2406 2407
2408 3201
2408 15302
2408 15393
2409 3877
2410 15702
2410 22399
2410 23300
2411 16225
2412 13735
2412 13884
2412 13914
2413 14320
2413 14375
2413 24686
2414 13773
2414 14096
2414 14319
2415 14324
2415 14401
2415 24685
2416 13741
2416 14528
2417 14684
2417 14770
2417 24691
2418 16719
2418 24674
2418 24733
2419 15301
2419 15354
2419 22422
2420 2421
2422 22429
2422 24718
2422 25770
2423 18003
2423 24646
2423 24700
2424 18005
2424 21828
2424 25785
2425 3215
2425 21827
2425 22816
2426 13749
2426 19840
2427 15445
2427 15668
2427 25841
2428 17021
2428 24598
2428 24699
2429 16610
2429 16813
2429 16830
2430 25789
2430 25791
2430 26863
2431 15301
2431 15351
2431 24713
2432 15860
2432 15927
2432 16207
2433 21853
2433 22437
2433 26528
2434 14689
2434 14775
2434 24730
2435 3221
2435 14916
2435 15365
2436 15303
2436 15304
2436 15358
2437 2445
2437 24725
2437 24742
2438 17920
2438 17969
2438 24700
2439 5027
2439 22425
2439 25786
2439 26979
2440 17906
2440 17980
2441 14071
2441 14095
2441 14096
2442 17527
2442 17615
2442 17617
2443 15194
2443 15198
2443 24732
2444 17026
2444 17138
2444 23199
2444 23563
2445 17235
2445 26313
2446 18254
2446 24711
2446 24753
2447 15670
2447 25762
2448 14421
2448 14559
2448 14560
2449 3897
2449 17669
2449 24758
2450 21872
2450 24686
2450 24760
2451 14164
2451 15671
2451 15805
2452 2461
2452 3244
2452 18182
2453 13955
2453 14028
2453 14095
2454 14167
2454 14178
2454 24712
2455 14930
2455 15355
2455 15397
2456 14964
2456 15350
2456 24765
2457 16729
2457 24665
2457 25815
2458 15881
2458 16129
2458 16628
2459 16349
2459 16611
2459 26718
2460 16623
2460 16725
2460 25816
2461 23203
2461 24769
2462 15419
2462 15792
2462 24782
2463 14904
2463 15218
2463 24774
2464 16632
2464 16729
2464 16730
2465 16893
2465 17183
2465 24877
2466 2467
2466 16130
2466 16419
2467 15850
2467 16640
2468 5028
2468 15674
2468 22444
2468 26980
2469 15219
2469 21873
2469 22431
2470 16418
2470 25820
2470 25832
2471 15188
2471 15212
2471 26316
2472 16456
2472 16629
2472 25825
2473 16895
2473 24797
2473 24802
2474 24670
2474 24805
2474 24816
2475 3264
2476 15204
2476 21873
2476 22830
2477 16436
2477 16838
2477 24794
2478 17762
2478 17923
2478 17974
2479 14007
2480 16208
2480 21858
2480 24826
2481 2483
2481 15382
2482 16471
2482 16818
2482 21877
2483 14971
2483 21876
2484 15872
2484 24826
2484 24855
2485 13915
2485 13917
2485 13922
2486 3925
2486 15722
2486 15723
2487 4412
2487 23722
2487 26323
2488 14012
2488 14074
2488 14104
2489 16634
2489 23489
2489 24873
2490 16211
2490 24808
2491 16434
2491 16449
2491 21883
2492 15012
2492 24815
2492 26806
2493 16001
2493 16240
2494 24914
2495 18105
2495 18246
2495 24879
2496 16483
2496 16797
2496 16839
2497 2507
2497 17141
2497 22451
2498 17773
2498 17938
2498 21884
2499 14187
2499 14199
2499 14273
2500 15576
2500 15678
2500 22832
2501 3941
2501 16500
2501 16798
2502 17787
2502 17814
2502 18026
2503 18104
2503 18099
2504 17418
2504 17430
2504 17635
2505 14824
2505 22831
2506 17672
2506 17789
2506 17986
2507 17107
2507 22464
2508 24893
2509 18251
2509 24867
2509 24894
2510 17790
2510 17929
2510 26338
2511 14183
2511 24912
2512 24897
2512 13917
2513 14563
2513 13922
2514 15680
2514 15684
2514 15796
2515 16493
2515 23490
2515 26337
2516 16492
2516 24841
2516 24919
2517 24916
2517 13959
2518 4914
2518 17208
2518 24898
2518 26981
2519 13960
2520 15013
2520 15245
2520 15359
2521 3307
2521 15018
2521 15384
2522 15851
2522 15977
2522 24930
2523 14374
2523 24921
2523 24943
2524 14105
2525 17199
2525 24927
2525 26337
2526 16836
2526 21920
2527 15611
2527 15627
2527 22465
2528 16526
2528 16732
2528 24932
2529 17569
2529 17618
2529 24947
2530 17819
2530 17939
2530 17945
2531 2536
2531 16443
2531 24936
2532 17743
2532 17836
2532 17846
2533 14729
2533 14812
2534 3972
2534 14415
2534 24949
2535 17047
2535 17049
2535 17231
2536 21920
2536 26816
2537 23323
2537 14179
2538 15043
2538 15359
2538 24964
2539 16519
2539 16822
2539 26558
2540 15044
2540 15246
2541 18107
2541 23058
2541 24980
2542 17437
2542 17549
2542 17658
2543 18101
2543 18230
2543 18260
2544 15619
2544 23325
2544 24918
2545 16931
2545 24939
2545 26342
2546 15507
2546 24983
2546 26564
2547 16927
2548 3988
2548 15602
2548 22486
2548 26982
2549 3331
2549 22847
2549 23319
2550 16056
2550 17658
2550 25028
2551 14280
2551 25010
2551 26343
2552 23688
2552 25052
2552 25899
2553 17962
2553 22844
2554 15632
2554 15690
2554 25018
2555 15983
2555 16675
2555 16801
2556 3342
2557 16176
2557 16758
2557 25005
2558 18126
2558 23632
2558 25009
2559 14338
2559 14355
2559 23210
2560 14228
2560 22851
2560 25010
2561 15312
2561 21945
2561 22487
2562 15624
2562 23324
2563 15360
2563 24974
2563 25039
2564 16754
2564 16846
2564 25017
2565 14611
2565 14646
2565 14734
2566 4730
2567 15631
2567 15774
2567 15801
2568 15065
2569 16922
2569 17253
2569 25040
2570 16942
2570 22492
2570 25042
2571 16659
2571 23445
2571 25043
2572 16023
2572 22501
2572 25024
2573 16556
2573 16666
2574 3367
2574 16753
2574 16826
2575 15279
2575 15281
2575 22512
2576 25064
2577 14065
2578 4004
2579 14746
2579 14787
2579 25074
2580 16192
2580 16252
2580 19610
2581 21947
2581 22502
2582 14630
2582 14661
2582 14751
2583 2587
2583 14622
2583 14791
2584 16948
2584 17064
2584 17157
2585 21969
2585 25006
2586 2588
2586 3365
2587 14806
2587 14817
2588 2589
2589 2592
2590 14754
2590 18668
2590 25074
2591 17998
2591 22513
2591 25929
2593 18276
2594 15651
2594 15736
2594 15821
2595 17272
2595 25090
2595 25930
2596 14214
2596 14292
2596 18390
2597 15116
2597 21976
2598 17209
2598 21968
2598 25081
2598 26368
2599 17233
2599 20268
2599 25085
2600 25075
2600 22515
2601 22862
2602 15097
2602 15326
2602 18889
2603 16037
2603 25129
2603 25937
2604 21102
2604 25076
2604 25093
2605 17464
2605 17477
2605 25093
2606 13879
2607 26578
2608 23059
2608 23237
2608 25090
2609 4466
2610 14224
2611 17574
2611 23233
2611 25107
2612 2616
2613 2618
2613 3385
2614 16016
2614 19596
2614 22533
2615 21970
2615 23716
2615 26741
2616 14250
2617 2618
2619 16077
2619 19618
2620 21280
2620 22539
2620 25125
2621 19185
2621 21988
2622 23060
2622 25938
2622 26744
2623 16851
2623 19892
2623 20191
2624 22518
2624 22875
2624 22882
2624 25956
2625 18380
2626 23689
2626 22880
2627 18885
2627 18898
2627 18907
2628 25120
2628 15648
2629 19164
2629 15109
2630 20238
2630 25136
2630 26378
2631 19887
2631 20362
2631 21984
2632 19880
2632 22566
2632 23397
2633 20882
2633 20845
2634 18467
2634 18673
2634 18820
2635 18468
2635 18694
2635 18820
2636 20118
2636 22013
2636 22566
2637 4940
2637 22561
2638 19361
2638 19522
2638 25120
2639 18794
2640 2641
2640 19222
2640 19223
2641 19156
2641 22559
2642 19884
2642 19903
2642 23397
2643 20911
2643 21082
2643 22552
2644 21181
2644 25140
2644 25157
2645 20339
2645 20340
2645 20510
2646 4482
2646 20596
2646 25979
2647 21292
2647 21296
2647 25128
2648 4043
2648 21125
2648 21283
2649 18321
2649 13893
2650 22565
2651 18915
2651 19062
2651 22575
2652 19911
2652 20194
2652 22889
2653 4051
2653 21253
2653 26384
2654 19486
2654 19522
2654 23695
2655 21256
2655 23398
2655 25973
2656 19627
2656 25174
2656 26391
2657 20968
2657 22024
2657 4044
2658 21184
2658 21299
2658 22021
2659 20671
2659 21058
2659 21104
2660 19428
2660 22007
2660 23695
2661 21298
2661 22589
2661 25179
2662 25152
2662 25180
2662 25992
2663 19237
2663 19485
2663 19526
2664 18916
2664 19191
2664 19225
2665 20123
2665 25987
2666 20917
2666 25183
2666 25184
2667 20930
2667 22020
2667 25183
2668 20291
2668 20431
2668 22030
2669 25189
2670 4954
2670 19422
2670 19489
2670 26983
2671 19957
2671 20134
2671 22567
2672 3433
2672 20275
2672 20384
2673 18705
2673 18853
2673 26003
2674 18403
2675 19963
2675 19066
2676 4067
2676 20372
2676 25982
2676 26984
2677 20924
2677 20958
2677 21054
2678 22036
2678 22581
2678 23092
2679 20123
2679 20435
2679 22053
2680 19922
2680 20198
2680 26010
2681 25232
2682 4068
2682 20992
2682 22591
2683 23089
2683 23611
2683 26011
2684 18580
2684 18702
2684 18930
2685 19372
2685 19499
2685 22042
2686 23505
2687 19216
2687 22579
2687 25236
2688 19623
2688 19661
2688 19666
2688 19863
2689 25201
2689 26018
2689 21284
2690 19945
2690 19981
2690 20241
2691 19670
2691 26009
2691 26020
2692 19362
2692 19431
2692 19529
2692 19541
2693 22898
2693 26601
2694 2702
2694 20713
2694 20823
2695 20923
2695 20984
2695 21001
2696 19498
2696 25257
2696 26005
2697 18501
2697 18948
2697 25248
2698 22048
2699 4768
2700 2701
2701 22047
2702 20728
2702 20793
2703 18570
2703 18718
2703 25253
2704 18980
2704 18992
2704 19198
2705 3477
2705 19547
2705 22899
2706 20534
2706 23249
2706 26945
2707 21318
2708 20525
2708 22604
2708 26034
2709 4082
2709 22907
2709 23718
2710 20311
2710 20477
2710 20532
2710 22059
2711 19857
2711 25260
2711 26021
2712 20792
2712 20838
2712 25264
2713 21086
2713 21096
2713 21099
2713 22062
2714 20138
2714 25266
2714 25268
2715 21152
2715 21235
2715 25267
2716 18407
2717 18548
2717 18757
2717 22612
2718 19660
2718 19714
2718 21330
2719 4961
2719 20296
2719 20406
2719 26985
2720 18854
2720 18971
2720 26051
2721 20018
2721 20019
2721 25266
2722 19262
2722 19318
2722 25270
2723 22078
2723 22599
2723 22614
2723 26409
2724 4516
2725 3497
2725 20401
2725 20460
2726 20993
2726 25264
2726 25283
2727 18575
2728 4110
2728 19019
2728 26051
2729 4775
2729 22617
2729 25269
2730 19698
2730 19789
2730 25274
2731 21164
2731 21285
2731 21288
2733 19534
2733 20487
2733 22608
2734 19989
2734 20204
2734 26421
2735 19544
2735 19562
2735 25278
2736 18982
2736 19173
2736 25280
2737 20205
2737 20246
2737 25288
2738 18999
2738 19123
2738 19173
2739 21216
2740 2742
2741 19104
2741 19220
2741 26052
2742 3513
2743 21071
2745 19671
2745 19715
2745 19847
2746 21213
2746 21219
2746 21226
2747 21206
2747 21218
2747 25320
2748 25306
2749 21215
2749 21242
2750 20079
2750 20156
2750 20248
2751 20081
2751 20084
2751 20139
2752 21037
2753 21012
2754 18338
2754 18842
2754 25317
2755 19022
2755 19116
2755 19120
2755 19176
2756 18657
2756 18839
2756 25316
2757 20411
2757 20567
2757 23613
2758 20463
2758 20480
2758 25325
2759 19110
2759 19221
2759 20117
2760 2762
2761 19109
2761 19205
2761 22082
2762 2765
2763 20029
2763 20254
2763 26085
2764 4786
2764 21273
2764 26986
2765 2768
2766 20253
2766 25290
2766 26089
2767 3526
2769 20182
2769 20232
2769 20253
2770 4133
2770 20330
2770 25329
2770 26987
2771 21165
2772 18564
2772 18805
2772 18827
2774 20418
2774 20569
2774 26988
2775 21026
2775 21039
2775 22914
2776 21247
2776 21304
2776 25331
2777 20093
2777 20105
2777 26627
2778 20067
2778 20209
2778 25337
2779 21300
2780 20495
2780 20496
2780 25348
2781 21166
2781 21172
2781 21247
2782 21228
2783 22636
2783 26437
2783 26632
2784 2785
2784 18593
2784 22098
2786 19333
2786 22109
2786 25359
2787 4538
2787 19334
2787 25366
2787 26989
2788 25365
2789 25349
2790 18767
2791 20211
2792 25367
2793 19756
2794 19460
2795 20757
2796 9083
2796 21349
2796 23577
2797 9083
2797 21351
2797 23534
2798 21340
2798 23735
2798 26103
2799 5821
2799 23739
2799 23755
2800 7161
2801 7194
2801 7195
2801 7208
2802 7846
2802 23768
2802 25373
2803 7779
2803 7784
2803 7798
2804 6451
2804 6480
2804 22114
2805 22115
2805 25385
2805 26107
2806 5823
2806 5946
2806 23770
2807 2808
2807 7558
2807 23758
2808 2817
2808 23769
2808 26990
2809 8005
2809 8011
2809 21370
2810 5693
2810 23755
2810 23790
2811 6989
2811 7084
2811 7161
2812 7874
2812 21386
2812 23757
2813 8773
2813 8782
2813 8805
2814 21385
2814 23776
2814 23789
2815 7204
2815 23777
2816 5831
2816 26110
2817 7579
2817 25388
2817 26990
2818 7609
2818 7785
2818 23781
2819 7570
2819 7578
2819 7715
2820 6994
2820 22658
2820 25387
2821 23904
2821 25390
2821 25394
2822 7588
2822 7722
2822 7760
2823 5255
2823 5265
2823 25401
2824 8515
2824 8517
2824 8644
2825 8203
2825 8402
2825 23802
2826 4799
2826 22652
2826 26113
2826 26991
2827 6071
2827 6380
2827 6416
2828 8786
2828 8948
2828 9011
2829 5250
2829 5294
2829 25401
2830 25403
2831 6056
2831 6383
2831 6411
2832 7212
2832 7257
2832 25402
2833 8216
2833 8413
2833 23841
2834 5722
2834 5832
2834 5857
2835 8522
2835 8729
2835 23857
2836 4970
2836 7128
2836 25406
2836 26992
2837 6032
2837 6144
2837 23419
2838 6449
2838 23836
2838 23849
2839 7901
2839 8008
2839 8074
2840 7449
2840 7451
2840 7768
2841 5840
2841 23260
2841 25407
2842 7620
2842 7728
2842 7769
2843 6065
2843 6531
2843 23874
2844 5593
2844 5663
2845 8959
2845 9014
2845 9085
2846 8448
2846 8664
2846 23858
2847 7729
2847 22119
2847 23883
2848 5704
2848 5858
2848 5860
2848 5992
2849 4161
2849 8082
2849 8116
2850 7907
2850 7914
2850 8117
2851 6549
2851 6570
2851 6806
2851 6818
2852 8811
2852 8965
2852 9038
2853 6818
2853 23852
2853 23978
2854 7338
2854 23882
2854 25423
2855 7622
2855 7646
2855 7677
2856 7337
2856 7409
2857 6901
2857 23887
2857 23907
2858 8094
2858 23888
2858 26118
2859 9015
2859 9039
2860 5914
2860 5997
2861 6240
2861 23889
2861 25424
2862 7940
2862 21416
2862 23131
2863 8532
2863 8579
2863 8587
2864 7875
2864 7928
2865 5233
2865 5300
2865 22124
2866 6412
2866 23672
2866 23921
2867 6917
2867 7085
2867 25419
2868 3582
2868 7528
2868 7793
2869 7829
2869 9040
2869 22665
2870 9018
2870 9043
2870 23932
2871 6793
2871 21417
2871 25437
2872 5739
2872 5958
2872 22130
2873 3591
2873 5868
2873 25429
2873 26993
2874 6548
2874 6574
2874 6577
2875 6932
2875 23970
2875 26762
2876 7783
2876 7690
2877 23729
2877 23974
2878 5918
2878 5998
2878 23122
2878 25439
2879 5839
2879 6000
2879 26448
2880 3594
2880 7419
2880 23942
2881 6588
2881 6794
2881 23967
2882 7323
2882 7422
2882 7424
2883 6946
2883 7118
2883 7174
2884 22674
2884 23960
2884 25438
2885 5980
2885 23956
2886 7150
2886 7173
2886 26452
2887 7322
2887 7334
2887 7425
2888 3592
2888 6969
2888 7176
2889 5926
2889 6933
2889 22131
2890 6951
2890 7150
2890 25448
2891 6928
2891 6974
2891 23976
2892 9030
2892 9068
2892 9081
2893 8615
2893 8722
2893 26453
2894 5406
2894 5420
2894 24008
2895 6593
2895 6647
2895 23969
2896 7242
2896 7251
2896 7369
2897 23975
2897 24003
2898 7800
2898 22680
2898 23982
2899 8318
2899 8391
2899 8430
2900 5309
2900 5408
2900 5423
2901 5876
2901 23983
2902 6223
2902 6279
2902 6316
2902 21426
2903 6164
2903 6239
2903 6280
2904 5872
2904 6956
2904 26134
2905 6640
2905 22146
2906 24009
2906 24011
2906 26135
2907 5927
2907 24020
2907 25463
2908 6669
2908 6774
2908 25459
2909 6228
2909 6283
2909 25469
2910 7942
2910 8099
2910 8158
2911 24001
2911 24027
2912 7480
2912 7490
2912 25444
2913 24010
2913 24053
2914 5787
2914 5889
2914 25465
2915 8158
2915 24050
2915 25472
2916 8150
2916 8159
2916 25453
2917 7967
2917 8159
2917 24052
2918 5802
2918 5910
2918 24020
2919 8031
2919 8035
2919 21464
2920 7951
2920 8103
2920 23146
2921 6235
2921 6320
2921 6347
2922 7143
2922 22138
2922 25474
2923 6197
2923 6313
2923 6341
2924 8690
2924 8750
2924 8905
2925 5793
2925 5981
2925 5993
2926 8882
2926 8909
2926 8976
2927 9046
2927 9059
2927 24055
2928 5568
2928 24064
2928 25468
2929 8418
2929 8639
2929 8684
2930 7035
2930 7045
2930 7094
2931 3630
2931 6619
2931 23263
2931 26994
2932 6444
2932 6795
2932 25477
2933 7836
2933 7962
2933 24093
2934 5766
2934 24086
2934 25479
2935 5819
2935 5893
2935 25479
2936 7146
2936 23542
2936 24062
2937 2938
2937 8051
2937 26152
2938 24065
2938 24092
2939 7702
2939 7743
2939 24083
2940 8373
2940 8375
2940 26455
2941 2943
2941 7059
2941 22164
2942 21525
2942 24083
2943 11202
2943 25484
2944 7063
2944 11297
2944 22955
2945 4202
2945 6664
2945 10673
2946 6786
2946 6820
2946 10915
2947 3643
2947 5555
2947 9709
2948 3641
2948 9959
2948 26848
2949 9463
2949 9710
2949 24068
2950 3644
2950 8723
2950 12137
2951 5569
2951 9740
2951 21529
2952 10147
2952 25485
2952 25491
2953 7738
2953 11968
2953 12441
2954 22203
2954 22205
2954 22957
2954 22964
2955 9759
2955 22209
2955 23152
2955 24145
2956 11952
2956 21508
2956 24151
2957 13085
2957 25515
2957 26457
2958 2966
2958 24141
2958 24146
2958 26995
2959 9932
2959 10037
2959 22964
2960 24123
2960 25520
2960 26464
2961 13517
2961 13674
2961 21528
2962 12544
2962 24166
2962 25503
2963 4215
2963 8918
2963 24206
2964 22700
2964 25525
2965 9933
2965 10039
2965 10103
2966 13227
2966 13273
2966 26995
2967 9135
2967 9340
2967 24112
2968 5680
2968 9818
2968 10121
2969 10134
2969 10585
2969 24180
2970 11218
2970 11382
2970 11540
2971 25509
2971 24253
2972 10659
2972 10895
2972 11175
2973 9683
2973 9741
2973 24176
2974 11008
2974 11014
2974 11025
2975 2977
2975 9483
2975 25531
2976 13513
2976 13637
2976 22197
2977 9729
2977 25547
2978 9712
2978 24159
2978 25540
2979 10697
2979 11161
2979 11176
2980 22967
2980 25524
2980 25553
2981 13486
2981 24201
2981 25537
2982 21577
2982 25538
2982 25540
2983 2986
2984 9944
2985 2986
2985 3675
2987 9953
2987 10042
2987 23373
2988 21521
2988 25548
2989 4603
2989 9970
2989 24211
2990 9748
2990 21539
2990 22725
2991 11646
2991 11804
2991 22962
2992 13375
2992 13426
2993 13369
2993 13425
2993 13435
2994 22230
2995 12873
2995 12924
2995 13089
2996 11579
2996 11813
2996 24197
2997 3677
2997 3693
2998 9718
2998 24186
2998 25558
2999 9737
2999 10941
2999 11102
3000 12651
3000 12742
3000 12813
3001 9344
3001 9348
3001 24210
3002 11313
3002 26665
3003 3007
3003 9343
3003 9345
3004 9487
3004 9714
3004 25562
3005 10170
3005 10213
3005 11143
3006 4988
3006 12655
3006 26193
3007 9201
3008 11803
3008 24269
3008 26667
3009 11225
3009 11476
3009 22233
3010 10114
3010 25565
3010 26476
3011 9234
3011 10203
3011 24217
3012 12745
3012 23169
3012 25572
3013 12122
3014 4615
3015 9805
3015 25566
3015 25567
3016 3700
3016 10701
3016 22245
3017 11660
3017 22728
3017 24279
3018 13497
3018 13526
3018 13675
3019 11806
3019 11814
3019 21584
3020 12717
3020 12720
3020 24285
3021 22981
3021 23705
3021 26479
3022 3696
3022 12004
3022 24291
3023 11333
3023 24230
3023 26196
3024 11245
3024 11341
3024 12714
3025 12671
3025 12674
3025 26197
3026 4622
3026 12673
3026 24285
3026 26996
3027 12957
3027 24282
3027 24284
3028 24295
3028 25571
3028 25577
3029 12123
3029 12472
3029 22250
3030 13590
3030 21570
3030 24296
3031 10737
3031 10746
3031 11162
3032 12677
3032 25583
3033 11642
3033 11680
3033 26671
3034 9817
3034 9837
3034 24294
3035 11584
3035 11679
3035 11875
3036 10261
3036 10504
3036 10593
3037 9806
3037 9848
3037 9958
3038 10729
3038 23633
3039 9244
3039 9269
3039 25579
3040 11406
3040 11417
3040 26200
3041 11896
3041 12331
3041 24222
3042 11712
3042 22749
3042 26671
3043 12517
3043 25583
3043 25593
3044 12834
3044 13090
3044 24311
3045 10297
3045 10555
3045 24314
3046 12489
3046 12577
3046 12681
3047 3738
3047 11996
3047 12063
3047 26997
3048 13677
3048 23274
3048 26204
3049 10253
3049 10278
3049 10303
3050 11951
3050 12156
3050 12332
3051 3052
3051 12492
3051 22270
3052 3743
3052 4270
3053 13301
3053 13332
3053 13380
3054 10080
3054 21601
3054 22273
3055 5150
3055 11939
3055 11944
3056 12723
3056 21609
3056 22262
3057 3058
3057 11590
3057 11690
3058 11685
3058 11705
3059 10815
3059 11342
3059 21596
3060 9996
3060 10003
3060 10120
3061 11523
3061 26207
3061 26783
3062 11419
3062 11424
3062 24364
3063 11432
3063 25605
3063 26486
3064 11684
3064 11904
3064 24377
3065 9878
3065 10057
3065 26488
3066 10820
3066 10983
3066 11116
3067 11435
3067 26205
3068 12583
3068 24376
3069 9433
3069 9544
3069 26208
3070 9843
3070 9857
3070 25614
3071 9099
3071 9253
3071 9550
3072 13469
3072 24363
3072 25618
3073 3079
3073 9744
3073 9745
3074 10810
3074 10825
3074 11152
3075 10292
3075 10368
3075 10416
3076 3077
3077 11918
3078 9851
3078 9993
3078 9994
3078 10016
3079 9676
3079 9738
3080 12724
3080 22287
3080 25612
3081 11829
3081 25623
3082 12724
3082 12781
3082 26222
3083 12499
3083 12684
3083 12726
3084 11347
3084 11435
3085 3756
3085 21606
3085 24433
3085 26998
3086 10513
3086 10988
3086 21320
3087 11720
3087 12189
3087 24392
3088 9743
3088 21650
3088 25616
3089 12843
3089 12998
3089 13099
3090 11118
3090 24420
3090 24421
3091 10391
3091 10522
3091 24419
3092 9877
3092 10002
3092 10117
3093 10538
3093 11061
3093 24431
3094 24446
3094 25625
3094 25630
3095 12977
3095 13022
3095 13103
3096 11086
3096 11287
3096 24425
3097 9291
3097 9412
3097 9415
3098 24463
3099 13644
3099 23275
3100 12621
3100 12782
3100 26499
3101 12410
3101 12429
3101 12445
3102 12727
3102 21631
3103 12183
3103 12194
3103 12352
3104 3776
3105 10098
3105 24410
3105 26239
3106 3118
3106 10362
3106 10636
3106 26999
3107 11487
3107 11491
3107 11527
3108 10011
3108 10099
3108 24481
3109 9635
3109 9636
3109 9739
3110 11446
3110 11447
3110 11491
3111 10425
3111 10465
3111 26236
3112 12203
3112 12205
3112 12365
3113 12710
3113 12829
3113 25655
3114 11719
3114 21674
3114 25654
3115 12372
3115 25644
3116 13386
3116 13403
3116 13475
3117 3786
3118 9311
3118 9419
3118 26999
3119 21641
3119 21643
3119 22758
3120 9869
3120 10089
3120 24466
3121 12409
3121 12437
3121 24492
3122 3125
3122 9902
3122 23720
3123 4314
3123 12699
3123 13570
3124 22757
3124 26242
3124 26695
3125 3127
3126 10844
3126 11004
3126 25675
3128 9520
3128 9595
3128 9643
3129 12533
3129 12768
3129 23587
3130 10880
3130 24496
3131 12629
3131 12713
3131 22318
3132 11094
3132 11097
3133 10485
3133 10850
3133 14447
3134 9339
3134 10584
3134 26508
3135 3136
3135 26788
3136 10594
3137 3812
3137 11866
3137 11935
3138 23516
3138 25688
3138 26964
3139 12535
3139 22323
3139 24523
3140 21706
3140 21743
3140 25686
3141 15652
3141 25692
3141 26509
3142 11890
3142 23186
3142 23377
3143 22319
3143 25705
3143 26274
3144 9334
3144 13695
3144 24528
3145 9697
3145 22808
3146 11849
3146 22336
3146 25718
3147 22785
3147 24525
3147 25716
3148 13419
3148 23439
3148 26271
3149 24502
3149 24547
3149 24549
3150 11369
3150 23519
3150 25720
3151 10893
3151 23285
3151 24546
3152 10470
3152 10486
3153 4332
3153 10861
3153 24538
3154 22784
3154 25719
3155 14845
3155 15148
3156 14417
3156 23000
3156 24557
3157 4333
3157 12771
3157 23383
3158 26269
3159 16958
3159 21753
3159 24575
3160 4334
3160 15136
3160 15432
3160 27000
3161 10879
3161 14847
3161 25730
3162 16312
3162 16772
3163 15741
3163 15778
3163 15804
3164 22363
3164 25740
3165 16590
3165 16763
3165 23296
3166 16078
3166 25740
3166 25741
3167 16696
3167 16762
3168 15544
3168 23298
3168 26284
3169 15337
3169 16697
3169 24571
3170 15543
3170 15657
3170 25743
3171 15449
3171 15655
3171 25744
3172 13355
3172 17664
3172 17880
3173 14864
3173 15143
3173 15295
3174 16100
3174 24628
3174 25742
3175 14666
3175 14672
3175 14801
3176 22372
3176 24597
3176 26709
3177 14140
3177 14322
3177 14386
3178 23712
3178 24606
3179 3180
3179 17212
3179 22375
3180 16980
3180 25753
3181 3182
3181 14677
3181 24624
3182 14854
3182 14863
3183 15745
3183 24591
3184 14084
3184 14097
3184 23187
3185 15781
3185 23190
3185 23193
3186 24639
3186 25749
3186 25750
3187 16333
3187 24637
3187 26294
3188 21796
3188 25760
3188 26295
3189 15667
3189 23686
3189 24621
3190 5016
3190 22401
3190 24649
3191 22402
3191 24589
3191 25762
3192 15458
3192 15553
3192 15665
3193 14505
3193 14804
3194 18273
3194 25763
3194 26300
3195 17892
3195 17905
3195 17910
3197 17077
3197 17234
3197 26526
3198 18213
3198 25766
3198 25775
3199 14376
3199 25764
3199 26302
3200 13941
3200 14890
3201 15170
3201 15346
3202 24639
3202 25769
3203 16345
3203 16375
3203 22421
3204 16620
3204 16776
3204 24674
3205 15864
3205 16089
3205 16121
3205 24679
3206 16207
3206 21824
3206 24630
3207 16821
3207 17347
3207 21826
3208 4893
3208 18185
3208 25767
3209 16873
3209 17086
3209 17092
3210 14392
3210 21829
3210 25761
3211 14911
3211 16388
3211 16604
3212 22408
3212 23036
3212 26717
3213 17024
3213 17128
3213 25792
3214 17519
3214 21865
3215 17916
3215 22427
3215 24704
3216 3886
3216 23631
3216 26527
3217 15663
3217 23384
3218 13054
3218 17634
3218 21848
3219 21844
3219 22432
3219 25785
3220 24713
3220 24743
3220 26296
3221 14900
3221 24732
3222 15885
3222 24692
3222 24735
3223 24723
3223 24725
3224 17000
3224 17093
3224 17218
3225 18085
3225 25796
3226 14774
3226 14783
3226 24689
3227 24788
3227 25783
3227 26309
3228 16703
3228 16728
3229 17375
3229 17406
3229 25788
3230 17530
3230 17616
3230 25778
3231 16635
3231 16837
3231 24734
3232 15873
3232 16152
3232 21814
3233 4684
3233 17972
3233 24798
3233 25795
3234 17699
3234 24708
3234 25806
3235 25796
3235 25800
3235 25807
3236 3237
3236 15353
3236 15399
3237 14912
3237 25803
3238 15569
3238 23049
3238 24717
3239 21866
3239 23042
3239 25792
3240 16398
3240 21854
3240 22439
3240 23202
3241 17370
3241 17543
3241 24726
3242 15217
3242 15366
3242 25802
3243 17734
3243 17973
3243 25806
3244 18255
3244 23625
3245 15806
3245 24695
3245 24750
3246 15703
3246 23044
3246 25827
3247 14931
3247 15210
3247 24765
3248 17919
3248 18011
3248 24759
3249 17374
3249 17617
3249 23045
3250 14933
3250 15193
3250 15197
3251 3252
3251 15201
3251 15221
3252 14915
3252 15367
3253 23387
3253 24789
3253 26531
3254 16433
3254 16817
3254 24796
3255 13762
3255 13763
3255 13916
3256 3257
3256 16624
3256 22817
3257 25817
3257 25822
3258 23043
3258 23046
3258 26311
3259 16899
3259 17236
3259 25814
3260 16853
3260 25815
3260 25816
3261 21843
3261 25817
3261 25825
3262 14114
3262 22447
3262 25826
3263 14956
3263 15464
3263 22824
3263 24789
3264 17388
3264 23045
3265 14274
3265 25809
3265 26315
3266 14961
3266 15211
3266 15220
3267 3913
3267 17220
3267 24824
3267 27003
3268 18057
3268 24801
3268 26534
3269 15220
3269 15225
3269 26317
3270 15934
3270 15945
3270 16131
3271 16835
3271 25834
3272 15908
3272 21852
3272 23052
3273 15466
3273 15562
3273 25837
3274 16631
3274 22448
3274 24811
3275 17778
3275 18029
3275 26318
3276 15590
3276 24840
3276 25838
3277 3279
3277 16854
3277 23687
3278 3922
3278 17148
3278 23204
3279 16731
3279 16797
3280 14585
3280 14693
3280 14702
3281 14198
3281 14351
3281 25846
3282 14077
3282 14082
3282 15226
3282 21882
3283 16139
3283 16168
3283 22450
3283 24832
3284 21930
3284 23486
3284 26540
3285 3941
3285 4417
3285 24887
3285 27004
3286 15475
3286 24870
3286 25855
3287 16639
3287 16798
3287 24883
3288 16488
3288 16645
3288 16655
3289 24823
3289 25858
3289 25864
3290 13870
3290 13902
3290 13925
3291 23308
3291 24890
3291 25865
3292 16460
3292 16841
3292 24888
3293 17411
3293 17548
3293 17636
3294 17032
3294 17100
3295 15935
3295 16029
3295 16138
3296 15681
3296 15735
3296 24905
3297 15040
3297 15310
3297 25873
3298 14600
3298 14601
3298 14820
3299 17149
3299 24925
3300 4711
3300 16903
3300 22470
3300 27005
3301 15032
3301 15407
3301 26872
3302 17835
3302 17848
3302 18030
3303 18233
3303 26552
3303 26561
3304 14275
3304 24910
3305 14285
3305 15684
3305 26810
3306 15019
3306 15254
3306 15390
3307 15030
3307 15260
3308 14826
3308 22480
3308 25882
3309 21917
3309 24987
3309 25878
3310 4709
3310 18233
3310 24963
3311 15377
3311 24944
3311 25883
3312 14706
3312 14737
3312 14784
3313 15037
3313 15052
3313 15057
3314 15620
3314 15683
3314 15688
3315 14334
3315 14352
3315 26811
3316 15816
3316 24996
3316 26562
3317 17191
3317 24906
3317 26346
3318 15497
3318 24952
3318 25900
3319 23491
3319 24993
3319 24994
3320 13817
3320 13850
3320 13883
3321 14592
3321 14629
3321 14786
3322 17989
3322 21927
3322 25901
3323 14740
3323 23604
3324 3325
3324 17550
3324 17640
3325 17452
3325 17560
3326 18129
3326 24995
3326 25886
3327 14279
3327 14300
3327 26341
3328 14593
3328 14604
3328 14796
3329 17791
3329 18157
3329 21929
3330 18149
3330 23217
3330 24999
3331 4443
3331 26344
3332 16510
3332 16574
3332 25005
3333 17447
3333 17457
3333 17565
3333 17659
3334 3338
3334 16656
3334 16747
3335 17059
3335 17211
3335 17261
3336 17429
3336 17568
3336 17605
3337 15798
3337 22847
3337 26353
3338 16664
3338 25910
3339 18035
3339 23226
3339 23453
3340 24965
3340 25021
3340 25038
3341 15279
3341 15412
3341 25902
3342 15692
3342 25015
3343 16503
3343 16659
3343 16753
3344 15951
3344 16249
3345 16518
3345 16827
3345 25910
3346 4450
3346 18234
3346 18238
3347 15259
3347 15381
3347 25906
3348 18117
3348 18158
3348 18240
3349 3354
3350 16585
3350 16825
3350 25044
3351 4734
3351 25046
3352 22495
3352 22855
3352 25913
3353 17577
3353 17653
3353 25045
3354 4003
3355 13838
3355 14728
3355 14741
3356 16930
3356 17111
3356 25063
3357 16007
3357 16044
3357 16073
3357 25048
3358 4005
3358 14750
3358 14816
3359 15262
3359 15643
3359 25019
3360 18015
3360 21937
3360 22498
3361 15058
3361 15093
3361 15127
3362 15079
3362 15105
3362 15361
3363 16845
3363 23230
3363 24977
3364 3365
3366 14062
3366 14073
3367 19926
3367 26364
3368 16531
3368 21960
3368 23610
3369 15115
3369 15117
3370 17255
3370 23715
3371 18039
3371 25931
3371 26349
3372 16941
3372 22517
3372 26367
3373 19410
3373 27006
3374 15096
3374 21955
3374 26579
3375 16676
3375 20261
3375 25091
3376 25935
3376 19893
3377 16803
3377 21961
3378 21957
3378 21971
3378 23690
3379 19883
3379 21964
3379 22872
3379 26875
3380 17879
3380 18019
3380 20872
3381 4469
3381 20857
3381 23233
3382 18167
3382 22866
3382 23732
3383 18677
3383 18808
3383 26970
3384 4937
3384 19519
3384 25056
3385 19879
3385 23339
3386 18420
3386 21962
3386 21993
3386 23396
3387 25069
3387 25114
3387 25943
3388 16188
3388 19762
3388 22538
3389 14819
3389 22029
3389 23592
3390 4935
3390 19230
3390 19347
3391 19196
3391 26371
3392 4746
3392 20605
3392 20855
3393 21115
3393 21305
3393 22554
3393 26742
3394 19596
3394 19874
3394 25134
3395 19222
3395 21987
3395 25953
3396 20213
3396 23242
3397 19144
3397 19188
3398 19148
3398 22000
3398 25957
3399 19182
3399 19208
3399 25953
3400 19476
3400 23069
3400 25955
3401 18477
3401 25162
3401 25957
3402 20255
3402 25115
3402 26590
3403 4034
3403 20335
3403 21185
3404 16062
3404 19804
3404 25967
3405 20758
3405 20776
3405 20862
3406 18891
3406 19074
3406 23082
3407 18900
3407 23088
3407 25144
3408 19891
3408 19907
3408 25139
3409 4753
3409 20518
3409 20581
3410 19481
3410 19520
3410 25116
3411 20821
3411 20862
3411 25985
3412 19427
3412 19479
3412 19578
3413 20122
3413 20219
3413 25169
3414 18941
3414 19149
3414 26595
3415 4754
3415 20375
3415 23458
3415 27007
3416 19895
3416 20256
3416 25994
3417 18768
3417 18779
3417 25167
3418 20896
3418 21042
3418 21082
3419 18952
3419 19087
3419 25144
3420 19361
3420 19371
3420 19485
3421 20370
3421 20432
3421 23347
3422 19909
3422 25976
3422 25987
3423 21191
3423 25171
3424 15512
3424 19493
3424 27008
3425 18454
3425 18489
3425 23497
3425 25186
3426 19811
3426 19859
3426 19872
3427 18958
3427 19091
3427 19157
3428 18919
3428 18977
3428 19084
3428 19190
3429 4058
3429 20552
3429 25198
3430 20695
3430 20881
3430 20912
3431 18781
3431 18826
3431 26398
3432 3433
3432 20267
3432 20523
3433 25210
3434 20356
3434 25190
3434 25227
3435 21193
3435 25181
3435 25202
3436 21129
3436 22890
3436 25158
3437 20221
3437 20376
3437 25999
3438 19865
3438 23663
3438 25199
3439 20383
3439 21299
3439 23723
3440 4063
3440 19266
3440 19488
3441 20274
3441 20303
3441 25212
3442 20696
3442 20777
3442 20779
3443 19083
3443 25221
3443 26001
3444 19438
3444 19484
3444 22044
3445 3446
3445 19939
3445 19967
3446 25229
3446 25995
3447 19240
3447 19368
3447 26006
3448 19643
3448 19647
3448 19768
3449 20931
3449 20943
3449 25993
3450 21134
3450 21139
3450 21234
3451 19652
3451 23663
3451 26009
3452 20386
3452 20400
3452 20530
3453 19902
3453 20002
3453 25229
3454 20433
3454 20522
3454 26399
3455 21128
3455 21133
3455 21277
3456 19095
3456 19165
3456 19209
3457 18510
3457 18515
3457 18799
3458 18871
3458 19212
3459 20295
3459 20530
3459 26017
3460 19640
3460 19675
3461 22593
3461 25233
3461 27009
3462 18514
3462 18547
3462 26004
3463 23095
3463 23696
3463 26007
3464 25946
3464 26013
3464 26032
3465 18959
3465 22039
3465 26407
3466 19497
3466 19554
3466 26019
3467 18734
3467 26016
3467 26025
3468 20724
3468 20787
3468 20835
3469 18371
3469 18372
3469 18379
3469 21318
3470 19229
3470 25247
3470 26022
3471 20699
3471 20714
3471 26026
3472 20834
3472 20944
3472 21062
3473 18785
3473 18800
3473 26402
3474 18979
3474 19166
3474 19210
3475 19864
3475 25258
3475 26403
3476 4084
3476 19286
3476 19306
3477 4505
3477 23680
3478 19993
3478 20021
3478 22598
3479 19956
3479 20147
3479 26605
3480 20312
3480 20438
3480 20531
3481 4772
3481 21086
3481 26406
3482 19272
3482 19542
3482 22901
3483 4103
3483 19054
3483 22598
3484 5177
3484 21239
3484 21288
3484 27010
3485 21147
3485 21238
3485 21246
3486 4093
3486 19167
3486 19215
3487 20148
3487 20199
3487 20247
3488 18579
3489 19556
3489 23408
3490 26420
3490 18738
3491 19385
3491 25265
3491 25270
3492 19170
3492 22064
3492 26052
3493 20236
3493 22065
3493 25275
3494 21033
3494 21155
3494 25251
3495 22907
3495 25276
3495 26049
3496 20634
3496 20635
3496 20796
3497 20443
3497 20582
3498 4100
3498 20316
3498 25284
3499 18608
3499 18841
3499 25271
3500 20460
3500 26048
3500 26056
3501 20468
3501 20476
3501 26058
3502 21212
3502 21215
3502 21279
3503 18391
3503 19323
3503 26062
3504 18611
3504 19298
3504 26062
3505 19704
3505 19778
3505 19858
3506 20024
3506 20057
3506 20163
3507 19451
3507 19534
3507 26068
3508 26039
3508 26074
3508 26614
3509 19718
3509 19784
3509 26422
3510 20171
3510 20206
3510 25279
3511 21000
3511 21025
3511 26072
3512 21020
3512 21036
3512 26073
3513 3515
3514 3515
3514 4118
3516 20584
3516 23573
3516 25285
3517 4115
3518 19293
3518 19454
3518 25308
3519 19719
3519 19742
3520 19725
3520 19726
3520 19782
3521 20967
3521 21025
3521 21087
3522 19571
3522 25310
3522 25322
3523 19048
3523 19116
3523 25281
3524 18334
3524 18352
3524 18358
3525 19339
3525 19535
3525 19561
3526 19045
3526 22083
3526 22084
3527 20854
3527 22077
3527 26760
3528 4780
3528 19342
3528 19566
3528 27012
3529 18743
3529 18804
3529 18832
3530 20488
3530 25345
3530 26082
3531 26760
3532 4140
3532 19047
3532 25354
3533 20099
3533 20210
3533 26089
3534 19565
3534 22099
3534 26092
3535 19059
3535 19130
3535 19207
3537 22924
3537 23358
3537 25362
3538 20543
3538 25346
3538 26086
3539 20212
3539 20252
3539 25367
3540 19032
3540 19133
3540 19204
3541 20424
3541 25327
3541 26633
3542 20066
3542 21073
3542 21092
3543 4540
3543 19053
3543 22926
3544 26635
3545 5820
3545 23785
3545 26103
3546 26106
3547 8474
3547 23761
3547 26106
3548 21361
3548 25376
3548 26107
3549 6075
3549 6373
3549 23756
3550 22663
3551 7713
3551 7808
3551 23760
3552 6983
3552 7167
3552 7168
3553 23745
3553 25382
3553 26109
3554 8945
3554 9001
3554 25384
3555 7439
3555 7443
3555 23777
3556 7753
3556 7789
3556 7810
3557 7868
3557 21386
3557 25390
3558 7647
3558 7709
3558 7786
3559 7211
3559 23779
3559 25402
3560 5449
3560 23815
3560 26112
3561 7998
3561 8111
3561 25396
3562 7607
3562 7722
3562 7799
3563 5224
3563 5258
3563 5288
3564 5271
3564 5454
3564 5596
3565 5847
3565 5854
3565 23793
3566 23363
3566 23816
3566 23826
3567 8520
3567 8598
3567 8715
3568 8205
3568 8382
3568 8406
3569 7131
3569 23800
3569 25408
3570 21375
3570 23890
3570 25404
3571 8407
3571 23830
3571 23878
3572 6098
3572 6112
3572 6153
3573 6135
3573 6385
3573 23880
3574 7610
3574 7656
3574 8545
3574 8719
3575 23262
3575 23872
3575 23887
3576 7274
3576 23889
3577 6554
3577 6565
3577 6638
3578 9067
3578 9070
3578 23886
3579 5287
3579 23869
3579 23917
3580 23120
3580 23910
3580 23911
3581 4164
3581 7918
3581 23671
3581 27013
3582 7585
3582 26117
3583 7004
3583 23908
3583 25430
3584 5429
3584 5504
3584 5656
3585 6503
3585 25436
3585 26761
3586 7687
3586 7731
3586 23944
3587 5502
3587 5522
3587 5664
3588 5506
3588 26123
3588 26445
3589 9086
3589 23961
3589 26122
3590 23913
3590 23997
3590 25436
3591 23985
3591 26993
3591 5495
3592 7175
3592 23899
3593 7085
3593 7142
3593 7155
3594 7427
3594 25447
3595 4805
3595 6915
3595 23976
3595 27014
3596 7531
3597 5778
3597 23935
3597 26128
3598 6713
3598 22141
3598 22675
3598 23990
3599 9027
3599 9044
3599 9087
3600 9031
3600 21428
3600 22143
3601 8396
3601 8414
3601 8432
3602 5767
3602 7008
3602 26134
3603 7140
3603 7145
3603 24002
3604 7344
3604 7359
3604 7428
3605 5665
3605 5671
3605 23992
3605 26135
3606 22152
3606 24042
3606 26136
3607 7772
3607 7778
3607 7795
3608 3609
3608 4186
3608 25470
3610 6963
3610 6973
3610 23986
3611 3612
3611 7123
3611 24019
3612 22666
3612 22712
3613 8038
3613 8039
3613 8101
3614 8713
3614 8730
3614 26454
3615 5350
3615 5573
3615 5606
3616 8630
3616 8726
3616 8733
3617 5930
3617 5996
3617 25463
3618 4581
3618 8753
3618 24038
3619 7160
3619 26147
3619 26769
3620 6782
3620 22154
3621 5547
3621 5574
3621 24057
3622 9033
3622 25473
3622 26148
3623 8737
3623 8904
3623 24058
3624 5931
3624 5993
3624 24061
3625 8068
3625 8151
3625 24066
3626 7089
3626 7159
3626 22952
3627 7695
3627 11957
3627 24084
3628 8634
3628 21493
3628 24067
3629 7126
3629 22190
3629 25482
3630 6804
3630 22176
3630 26994
3631 7064
3631 7166
3631 22955
3632 8643
3632 8714
3632 13207
3633 4205
3633 6765
3633 23368
3634 23148
3634 24082
3634 26974
3635 6689
3635 24098
3635 24143
3636 6338
3636 6362
3636 10589
3637 23265
3637 24113
3637 24160
3638 22168
3638 24092
3638 26962
3639 3640
3639 21485
3640 24106
3641 22694
3641 27015
3642 7390
3642 11596
3642 26159
3643 9448
3643 9482
3644 11961
3644 24142
3645 4212
3645 8368
3645 12884
3645 27017
3646 21524
3646 25497
3646 26161
3647 12395
3647 12457
3647 22226
3648 13670
3648 22685
3648 23599
3649 24158
3649 26163
3650 8062
3650 12456
3650 25511
3651 11203
3651 26658
3651 11307
3652 13433
3652 21496
3652 26773
3653 10105
3653 10121
3653 26171
3654 13573
3654 25532
3654 26174
3655 5592
3655 9653
3655 9952
3656 5578
3656 9466
3656 25531
3657 12858
3657 13225
3657 13250
3658 9711
3658 25539
3658 26774
3659 9443
3659 9472
3659 24187
3660 10700
3660 11101
3660 24163
3661 12266
3661 12440
3661 22229
3662 5944
3662 23624
3662 24185
3663 9143
3663 9405
3663 24210
3664 12811
3664 24164
3665 12948
3665 13222
3665 13264
3666 10034
3666 10069
3666 22238
3667 24149
3667 24202
3667 25534
3668 10920
3668 22191
3668 4607
3669 10919
3669 11133
3669 26181
3670 12396
3670 25549
3670 26467
3671 7984
3671 12650
3671 22722
3672 12716
3672 25541
3673 23171
3673 25548
3674 7358
3674 11621
3674 11645
3675 3677
3676 9772
3676 21547
3678 11461
3678 26175
3678 26475
3679 12282
3679 12399
3679 24226
3680 3684
3680 11134
3680 25555
3681 4834
3681 21557
3681 24274
3682 10076
3682 10112
3682 26188
3683 11221
3683 11399
3683 25560
3684 10740
3684 11109
3685 3687
3685 12020
3685 21558
3686 9685
3686 24235
3686 25564
3687 12479
3687 22736
3688 10202
3688 10258
3688 10501
3689 11555
3689 24234
3689 26191
3690 10772
3690 10973
3690 11027
3691 12656
3691 12746
3691 12783
3692 11320
3692 11398
3692 24234
3693 3696
3694 11135
3694 22982
3694 23648
3695 12270
3695 24249
3697 10677
3697 11104
3697 24264
3698 11324
3698 24227
3698 26192
3699 4250
3699 22241
3699 22724
3700 10735
3700 11037
3701 11475
3701 26192
3701 26668
3702 12082
3702 22978
3702 25572
3703 24282
3704 10106
3704 23730
3704 25567
3705 4990
3705 11410
3705 24244
3706 12305
3706 24270
3706 25575
3707 9659
3707 22213
3707 24300
3708 9154
3708 9209
3708 22729
3708 24240
3709 3711
3709 12825
3709 25573
3710 26196
3711 12748
3711 12752
3712 22730
3712 24287
3712 26198
3713 9812
3713 9974
3713 26198
3714 9810
3714 9815
3714 24293
3715 10724
3715 11041
3715 26780
3716 11697
3716 11931
3716 24291
3717 10728
3717 11044
3717 11165
3718 13591
3718 21566
3718 23172
3719 9980
3719 10086
3719 10106
3720 21559
3720 25611
3721 10320
3721 26199
3721 26670
3722 11650
3722 11687
3722 24312
3723 10296
3723 10505
3723 26199
3724 9662
3724 10954
3724 26483
3725 10407
3725 11051
3726 11416
3726 12606
3726 26672
3727 3728
3727 23374
3727 26202
3728 12488
3728 12498
3728 12572
3729 11242
3729 23547
3730 22263
3730 23376
3730 26201
3731 11707
3731 11863
3731 21586
3732 10279
3732 10306
3732 10319
3733 11409
3733 11478
3733 11515
3734 11880
3734 24310
3734 24313
3735 4274
3735 12722
3735 12749
3736 9222
3736 9224
3736 9257
3737 11187
3737 12335
3737 24308
3737 26226
3738 3739
3738 22274
3738 26997
3739 24324
3739 25585
3740 12341
3740 12723
3740 26202
3741 13547
3741 13679
3741 26203
3742 13556
3742 22272
3742 26204
3743 12153
3743 12157
3744 10780
3744 11120
3744 3747
3745 10987
3745 11142
3745 11151
3746 11235
3746 25606
3746 25607
3747 11117
3747 24347
3748 3749
3748 13094
3748 13107
3749 11673
3749 22279
3750 13541
3750 13615
3750 23582
3750 26219
3751 3752
3751 9512
3751 24344
3752 9678
3752 22290
3753 24345
3753 25619
3753 26213
3754 4853
3754 9689
3754 22750
3755 10302
3755 11725
3755 11739
3756 12695
3756 26214
3756 26998
3757 12832
3757 22281
3757 24400
3758 11163
3758 11174
3758 24354
3759 11353
3759 24365
3759 24378
3760 11838
3760 24377
3760 26209
3761 11434
3761 24360
3761 24402
3762 10578
3762 10992
3762 10998
3763 11279
3763 11436
3763 26487
3764 9546
3764 9569
3764 9574
3765 12698
3765 25634
3765 26684
3766 12127
3766 12402
3767 11724
3767 12114
3767 25639
3768 10455
3768 11058
3768 24401
3769 11197
3769 11486
3769 24418
3770 12168
3770 12172
3771 24418
3771 25629
3771 26785
3772 9861
3772 9889
3772 9892
3773 12184
3773 21624
3773 26233
3774 11356
3774 23600
3774 25643
3775 12707
3775 24446
3775 24451
3776 9881
3776 22294
3776 26235
3777 11760
3777 11843
3777 11905
3778 11834
3778 24452
3779 11731
3779 24483
3780 10107
3780 26235
3780 26496
3781 21623
3781 21634
3781 25643
3782 11708
3782 11767
3782 11845
3783 9586
3783 9680
3783 9726
3784 9913
3784 24468
3784 25646
3785 12229
3785 22752
3785 26242
3786 3787
3787 23720
3787 26239
3788 9893
3788 21651
3788 25664
3789 23178
3789 24454
3789 26240
3790 4652
3790 11007
3790 11158
3791 10833
3791 11002
3791 25660
3792 11744
3792 24453
3792 25666
3793 12628
3793 12817
3793 26787
3794 10647
3794 21637
3795 11003
3795 11075
3795 25658
3796 13621
3796 13662
3796 25662
3797 4862
3797 22311
3797 25663
3797 27018
3798 9288
3798 9328
3798 24506
3799 12607
3799 24482
3799 25668
3800 12612
3800 21655
3800 25657
3801 9919
3801 21657
3801 24465
3802 23518
3802 24436
3802 25669
3803 11069
3803 11077
3803 11082
3804 10845
3804 10887
3804 25660
3805 3806
3807 13625
3807 21638
3808 22760
3808 24503
3808 26246
3809 13004
3809 13055
3809 13143
3810 3814
3810 24490
3810 25677
3811 11368
3811 11375
3811 11496
3811 26241
3812 23436
3812 25671
3813 11791
3813 11865
3813 25667
3814 12374
3814 22324
3815 3816
3815 10862
3815 21740
3816 11160
3816 22337
3817 12220
3817 12390
3817 12414
3818 13609
3818 13631
3819 9638
3819 22334
3819 22354
3820 11530
3820 22997
3820 24511
3820 26253
3821 22777
3821 24524
3821 26255
3822 22769
3822 25712
3822 26257
3823 3824
3823 23183
3823 26278
3824 10546
3824 10869
3825 11293
3825 23520
3826 14460
3826 23006
3827 3832
3827 13070
3827 25711
3828 13363
3828 17306
3829 13962
3829 22335
3829 26270
3830 13946
3830 15417
3830 26262
3831 16112
3831 25680
3832 21764
3832 22789
3833 24529
3833 24559
3833 26275
3834 21754
3834 26259
3835 10111
3835 14371
3835 21773
3836 12381
3836 16961
3836 25722
3837 13713
3837 13933
3837 14100
3838 10131
3838 22358
3838 26704
3839 3844
3839 21761
3839 25736
3840 4340
3840 17081
3840 26702
3840 27019
3841 17704
3841 17882
3841 22353
3842 22350
3842 23035
3842 24586
3843 15534
3843 15739
3843 24592
3844 17129
3844 17237
3845 4671
3845 24560
3845 24572
3846 23025
3846 25734
3846 26705
3847 22797
3847 22802
3847 26521
3848 13980
3848 24604
3848 26704
3849 16354
3849 16764
3849 21766
3850 16874
3850 16886
3850 17080
3850 26522
3851 17165
3851 22373
3851 24590
3852 4346
3852 16348
3852 26965
3853 15829
3853 24613
3854 17091
3854 22806
3854 26287
3855 3856
3855 14870
3855 14895
3856 15296
3856 22368
3857 16105
3857 16128
3857 16265
3858 9649
3858 13940
3858 26293
3859 15435
3859 25749
3860 14838
3860 15169
3860 15297
3861 17172
3861 23196
3861 25755
3861 26294
3862 23026
3862 23039
3862 26295
3863 3864
3863 15780
3863 22404
3864 15784
3864 23299
3865 5018
3865 15396
3865 24640
3865 27020
3866 16990
3866 17001
3866 17176
3867 17069
3867 22807
3867 26862
3868 17711
3868 17713
3868 17893
3869 17298
3869 17348
3869 17386
3869 17903
3870 4370
3870 14153
3870 14160
3870 26303
3871 16607
3871 16608
3871 24643
3872 16227
3872 22379
3872 22440
3873 15859
3873 21816
3873 22814
3874 17485
3874 22398
3874 24664
3875 14090
3875 21821
3875 22813
3876 3877
3878 15706
3878 24610
3878 24717
3879 16894
3879 17012
3879 17215
3879 22412
3880 17314
3880 17526
3880 17641
3881 23628
3881 25776
3881 26307
3882 17356
3882 17524
3882 17529
3883 3888
3883 18006
3883 24581
3884 17591
3884 17643
3884 21847
3885 18214
3885 24701
3885 26307
3886 15808
3886 24714
3887 3903
3887 16387
3887 24681
3887 27022
3888 3895
3888 21857
3889 16829
3889 16402
3890 14529
3890 14534
3891 4388
3891 14569
3892 15880
3892 15886
3892 15917
3892 24737
3893 17715
3893 17725
3893 17925
3894 4387
3894 13750
3894 24779
3895 21895
3895 26529
3896 3897
3896 17693
3896 22435
3897 17761
3898 15200
3898 15203
3898 24747
3899 24724
3899 24766
3899 26312
3900 17613
3900 17625
3900 17657
3901 14261
3901 23602
3901 26314
3902 16887
3902 16898
3902 26312
3903 16404
3903 24834
3903 27022
3904 16405
3904 16435
3904 24757
3905 22816
3905 24772
3905 24777
3906 3907
3906 15572
3907 15370
3907 26531
3908 15431
3908 15675
3908 15792
3909 14946
3909 15189
3909 15211
3910 17256
3910 24653
3910 24804
3911 16395
3911 24776
3911 25819
3912 15452
3912 15793
3912 21875
3913 25833
3913 26313
3913 27003
3914 4400
3914 23200
3914 24797
3915 14179
3915 14186
3915 24754
3916 24874
3916 25813
3916 26719
3917 15944
3917 15958
3917 16232
3918 13921
3918 24835
3918 25797
3919 14182
3919 24764
3919 26803
3920 17976
3920 24799
3920 26318
3921 4907
3921 16791
3921 24819
3922 26324
3923 3931
3923 18089
3923 24771
3924 15755
3924 22445
3924 26541
3925 3926
3925 15729
3926 15677
3926 24840
3927 18245
3927 18246
3927 18258
3928 13923
3928 13927
3928 24781
3929 14966
3929 15230
3929 15239
3930 17779
3930 17922
3930 17938
3931 18104
3931 24864
3932 4405
3932 14989
3932 24813
3933 15896
3933 16158
3933 23053
3934 14327
3934 14361
3934 25840
3935 14021
3935 14102
3935 26805
3936 22452
3936 23207
3936 26325
3937 16210
3937 16414
3937 26966
3938 3939
3938 15478
3938 15714
3939 15761
3940 14696
3940 14697
3940 14711
3941 26801
3942 23206
3942 24879
3942 24880
3943 14109
3943 23057
3943 23214
3943 24884
3944 3945
3944 17046
3944 25856
3945 24849
3945 24900
3946 17628
3946 17985
3946 22455
3947 14937
3947 14963
3947 15031
3948 14562
3948 14610
3948 14621
3949 5135
3949 18247
3949 23388
3949 27023
3950 14011
3950 14108
3950 24904
3951 14705
3951 14712
3951 14815
3952 14354
3952 24790
3952 24886
3952 24911
3953 16906
3953 25868
3953 26331
3954 18194
3954 24894
3954 26727
3955 22460
3955 22846
3955 24896
3956 14972
3956 15008
3956 23607
3957 25863
3957 26726
3957 26728
3958 17564
3958 17786
3958 17988
3959 25866
3959 26552
3960 17048
3960 17224
3960 26726
3961 15907
3961 16036
3961 24860
3962 14121
3962 14227
3962 24912
3963 3964
3963 4430
3963 24952
3965 3969
3965 24921
3965 26864
3966 14284
3966 26330
3966 26812
3967 16535
3967 16751
3967 16796
3968 18232
3968 23389
3968 25887
3969 24942
3969 25000
3970 4707
3970 14192
3970 26341
3971 15982
3971 24948
3971 25037
3972 14721
3972 14745
3973 14215
3973 14297
3973 14383
3974 3975
3974 14780
3974 14821
3975 14762
3975 14790
3976 16525
3976 16656
3976 16742
3977 16022
3977 16169
3977 24931
3978 18144
3978 18150
3978 23318
3979 4722
3979 26342
3980 18153
3980 23058
3980 26729
3981 3982
3981 17858
3981 17948
3982 18036
3982 25901
3983 21912
3983 22486
3983 25015
3984 15601
3984 15636
3984 23688
3985 24999
3985 25011
3985 25903
3986 17456
3986 17463
3986 17592
3987 14299
3987 23326
3987 26343
3988 14291
3988 22853
3988 26982
3989 23221
3989 26352
3990 17151
3990 17271
3990 24984
3991 16752
3991 22490
3991 26817
3992 15526
3992 21934
3992 21938
3993 15511
3993 15614
3993 25060
3994 16041
3994 16221
3994 26730
3995 23390
3995 26352
3996 16172
3996 26357
3997 15498
3997 15626
3997 15637
3998 16530
3998 23454
3998 26967
3999 14364
3999 21946
3999 25001
4000 15642
4000 26345
4001 14639
4001 14647
4001 21992
4001 25039
4002 26731
4003 4004
4005 13908
4005 14827
4006 14656
4006 14753
4006 25911
4007 21978
4007 22496
4007 23227
4008 4009
4009 14799
4009 14822
4010 23715
4010 25065
4010 26360
4011 25919
4011 25930
4011 25940
4012 17862
4012 17873
4012 22507
4013 14337
4013 14340
4013 21963
4014 16540
4014 21956
4014 26363
4015 4929
4015 16949
4015 20184
4016 17866
4016 22508
4016 23533
4016 25929
4017 15293
4017 15325
4017 15326
4018 4019
4018 18033
4018 20888
4019 17949
4019 22516
4020 17274
4020 25932
4020 26368
4021 4468
4021 14252
4021 14304
4022 16061
4022 18478
4022 18837
4023 23565
4023 25952
4023 26370
4024 15822
4024 19354
4024 22863
4025 15699
4025 18402
4025 23063
4026 22002
4026 19066
4027 19181
4027 22885
4027 23340
4027 26745
4028 19830
4028 20214
4028 26366
4029 20658
4029 20856
4029 25963
4030 22560
4030 23345
4030 25941
4031 20875
4031 20889
4031 22557
4032 18895
4032 19071
4032 19073
4033 21116
4033 23341
4033 25962
4034 21306
4034 22874
4035 20560
4035 23717
4035 25956
4035 26592
4036 19417
4036 22003
4036 23459
4036 25155
4037 4055
4037 26824
4037 27024
4038 21248
4038 21295
4038 26384
4039 22570
4039 23075
4039 25137
4040 4942
4040 22585
4040 25145
4040 27025
4041 23081
4041 23689
4042 19868
4042 25134
4042 25164
4043 21252
4043 21295
4044 4948
4044 20847
4045 25975
4045 26387
4045 26389
4046 18821
4046 25135
4046 25191
4047 18905
4047 19086
4047 19158
4048 20290
4048 23521
4048 26596
4049 18678
4049 18703
4049 25161
4050 19646
4050 25166
4050 25968
4051 21252
4051 21263
4052 19590
4052 19642
4052 26391
4053 20910
4053 20927
4053 22025
4054 18812
4054 18823
4054 23460
4055 20279
4055 20382
4055 27024
4056 19239
4056 19242
4056 19245
4057 19910
4057 20133
4057 25170
4058 20447
4058 25981
4059 21196
4059 21261
4059 21294
4059 22890
4060 21045
4060 26396
4060 26597
4061 20916
4061 20954
4061 25185
4062 20782
4062 25986
4063 19430
4063 25222
4064 4492
4064 19440
4064 26002
4065 18487
4065 18502
4066 19906
4066 19976
4066 21059
4066 26007
4067 20434
4067 26008
4067 26984
4068 22891
4069 19651
4069 19870
4069 25220
4070 19921
4070 19960
4070 26600
4071 19656
4071 19676
4071 19846
4072 23097
4072 26008
4072 26599
4073 5060
4073 22601
4073 25232
4073 27026
4074 18707
4074 25195
4074 26401
4075 19498
4075 19541
4075 25240
4076 20446
4076 22611
4076 26399
4077 19770
4077 19862
4077 26404
4078 20150
4078 20231
4078 26010
4079 20229
4079 21334
4079 25223
4080 20934
4080 21061
4080 26606
4081 18789
4081 18813
4081 18819
4082 21151
4082 26603
4083 19446
4083 19492
4083 23680
4084 19273
4084 26019
4085 19103
4085 19219
4085 22064
4086 18506
4086 18790
4086 26025
4087 18557
4087 18736
4087 19693
4088 20009
4088 20159
4088 20242
4089 19508
4089 22900
4089 25241
4090 18792
4090 25203
4090 26420
4091 20149
4091 23698
4091 26414
4092 19281
4092 23100
4092 25257
4093 18929
4093 18970
4093 19172
4094 21154
4094 21200
4094 21214
4095 21241
4095 25267
4095 26757
4096 20812
4096 21063
4096 26041
4097 20867
4097 21024
4097 26042
4098 19274
4098 19305
4098 22063
4099 18524
4099 19684
4099 19697
4100 4514
4100 26037
4101 20461
4101 20481
4101 26040
4102 19591
4102 19682
4102 19703
4102 19707
4103 4518
4104 18881
4104 18998
4104 19201
4105 21100
4105 25291
4105 26755
4106 18751
4106 18793
4106 18802
4107 20462
4107 20539
4107 23352
4108 19297
4108 19558
4108 26063
4109 19722
4109 25259
4109 26422
4110 19023
4111 21242
4111 26060
4112 19453
4112 19507
4112 26611
4113 4115
4113 4520
4114 20454
4114 25307
4114 26612
4116 19561
4116 26064
4116 26423
4117 20570
4117 22615
4117 25318
4118 4121
4119 19058
4119 20176
4120 25277
4120 26425
4120 27027
4121 4126
4122 4125
4122 22635
4122 26607
4123 22621
4123 22633
4123 26079
4124 19744
4124 25294
4126 4525
4127 19320
4127 19399
4127 26431
4128 20318
4128 20415
4129 4964
4129 25319
4129 26629
4130 19115
4130 19127
4130 22634
4131 19317
4131 19409
4131 26834
4132 20585
4132 20586
4132 23575
4133 22087
4133 25330
4133 26987
4134 25330
4134 26090
4134 26435
4135 20324
4135 20506
4135 25343
4136 25328
4136 25335
4136 26091
4137 20586
4137 26080
4137 26437
4138 20259
4138 23105
4138 25347
4139 4140
4139 19178
4139 22927
4140 19061
4141 20499
4141 20509
4141 23468
4142 19790
4142 19803
4142 19834
4143 20544
4143 20598
4143 26634
4144 20590
4144 23359
4144 26441
4145 25372
4145 25377
4146 6051
4146 6374
4146 26105
4147 9004
4147 21379
4147 25380
4148 23772
4148 25379
4148 26111
4149 7882
4149 8069
4149 23753
4150 5990
4150 23780
4150 26638
4151 22929
4152 8764
4152 8771
4152 26113
4153 7130
4153 22930
4153 23417
4154 6462
4154 6508
4154 23838
4155 8221
4155 8408
4155 8434
4156 7483
4156 23824
4156 23854
4157 6130
4157 6136
4157 6411
4158 5862
4158 23797
4158 23871
4159 4160
4159 7308
4159 23856
4160 7642
4160 7780
4161 4560
4161 7890
4162 7771
4162 7792
4162 23885
4163 23875
4163 7486
4164 21395
4164 26117
4164 27013
4165 6216
4165 21403
4165 25425
4166 4565
4166 27029
4167 5298
4167 5328
4167 5422
4168 5762
4168 5962
4168 5966
4168 23936
4169 8968
4169 9023
4169 9028
4170 7917
4170 8145
4170 25449
4171 8269
4171 8387
4171 8417
4172 5873
4172 5929
4172 26449
4173 5744
4173 5776
4173 5964
4174 4574
4174 23366
4174 25439
4174 27030
4175 4176
4175 7021
4175 7088
4176 6938
4176 7012
4177 8614
4177 8618
4177 8674
4178 7120
4178 23988
4178 26452
4179 7774
4179 23953
4180 8034
4180 22128
4181 8627
4181 8680
4181 8709
4182 4573
4182 5783
4182 26128
4183 4185
4183 7122
4183 23973
4184 22142
4184 23955
4184 7945
4184 8098
4185 23132
4185 24043
4186 4980
4186 23993
4187 8457
4187 8700
4187 8731
4188 4577
4188 9045
4188 24040
4189 8712
4189 21443
4189 26129
4189 26454
4190 5065
4190 25473
4190 26648
4190 27031
4191 5353
4191 6340
4191 26141
4192 8120
4192 25472
4192 25476
4193 21469
4193 26147
4194 8294
4194 8427
4194 26455
4195 8129
4195 8969
4195 22939
4196 8757
4196 26148
4196 26456
4197 6585
4197 23477
4197 24078
4198 6813
4198 24101
4198 26151
4199 6741
4199 6805
4199 26151
4200 22689
4200 23676
4200 24104
4201 8912
4201 12077
4201 24095
4202 24103
4202 24113
4203 23428
4203 26657
4204 10553
4204 21486
4204 22171
4205 22954
4205 25513
4206 21514
4206 24124
4206 24130
4207 4210
4207 8359
4207 24134
4208 25502
4208 26164
4209 8055
4209 24126
4209 26163
4210 8374
4210 8401
4210 26457
4211 12276
4211 24028
4211 25505
4212 8340
4212 26170
4212 27017
4213 4600
4213 26164
4213 26168
4213 27032
4214 10136
4214 10547
4214 21491
4215 4216
4215 24127
4216 22701
4216 26174
4217 4221
4217 22202
4217 24144
4218 4219
4218 9764
4218 22204
4219 9934
4219 25526
4220 22965
4220 25506
4220 26465
4221 11181
4221 26847
4222 21542
4222 23164
4222 24150
4223 4824
4223 12545
4223 22709
4224 4225
4224 9763
4224 26461
4225 22966
4225 25536
4226 10660
4226 10679
4226 11101
4227 12461
4227 12537
4227 12652
4228 12556
4228 24165
4229 4232
4230 10713
4230 21562
4230 26774
4231 13426
4231 24198
4232 25533
4232 26469
4233 10637
4233 24172
4233 24241
4234 12824
4234 24169
4234 26474
4235 11505
4235 24233
4235 26470
4236 22728
4236 24229
4236 25554
4237 4238
4237 12551
4237 21563
4238 12812
4238 12814
4239 24203
4239 24247
4239 26475
4240 12923
4240 12929
4240 13184
4241 4836
4241 21568
4241 23512
4242 9978
4242 26188
4242 26476
4243 11036
4243 12028
4243 24221
4244 24263
4244 25559
4244 25564
4245 10743
4245 10925
4245 11114
4246 10206
4246 22248
4246 26477
4247 5128
4247 11396
4247 26191
4247 27033
4248 11229
4248 24248
4248 26669
4249 10498
4249 10558
4249 10634
4250 23485
4251 9486
4251 9506
4251 9531
4252 12659
4252 23173
4252 26776
4253 9358
4253 21548
4253 25580
4254 11241
4254 25578
4254 26195
4255 11511
4255 11512
4255 26479
4256 12508
4256 26194
4256 26197
4257 4258
4258 4260
4258 5127
4259 12966
4259 13133
4259 13191
4260 4261
4260 13535
4260 24325
4262 11401
4262 22741
4262 25601
4263 13309
4263 13315
4263 13320
4264 4625
4264 12764
4265 9519
4265 25603
4265 26483
4266 10307
4266 10432
4266 10590
4267 4992
4267 22247
4267 26201
4267 26782
4268 4270
4268 12116
4268 25582
4269 25595
4269 27034
4269 27035
4270 22740
4271 21599
4271 22251
4271 24331
4272 12481
4272 12582
4273 12564
4273 12756
4274 12796
4274 25593
4275 9749
4275 9907
4275 22731
4276 11047
4276 12136
4276 24396
4277 11738
4277 25602
4278 9981
4278 9989
4278 26485
4279 11258
4279 11329
4279 24356
4280 22300
4280 26485
4281 12692
4281 26484
4281 26680
4282 23176
4282 25612
4282 26217
4283 11711
4283 11880
4283 11884
4284 25589
4284 26210
4284 26213
4285 13146
4285 24372
4286 12898
4286 12980
4286 24374
4287 12575
4287 21607
4287 25626
4288 12760
4288 13680
4288 25617
4288 26212
4289 9376
4289 9596
4289 24339
4290 10000
4290 10067
4291 12150
4291 12423
4291 24413
4292 12976
4292 12997
4292 13102
4293 13015
4293 13190
4294 4855
4294 11490
4294 26224
4295 12730
4295 12798
4295 12819
4296 11280
4296 11431
4296 25629
4297 12222
4297 12355
4297 24448
4298 13603
4298 21642
4298 23177
4298 24385
4299 21646
4299 24426
4299 25642
4300 4301
4300 5006
4300 12351
4300 27038
4301 12177
4301 12439
4302 12436
4302 26977
4302 23279
4303 4304
4303 24474
4303 26503
4304 25645
4304 25661
4305 10009
4305 4307
4306 4311
4306 12531
4306 12737
4306 26503
4307 11078
4307 26693
4308 11492
4308 24482
4308 25637
4309 12611
4309 24476
4309 24488
4310 12620
4310 21661
4310 26787
4311 12617
4311 12732
4312 15154
4312 22990
4312 26694
4313 12691
4313 21656
4313 26504
4313 26885
4314 22317
4314 24462
4315 10017
4315 24495
4315 25665
4316 11081
4316 24494
4316 24496
4317 12733
4317 21662
4317 24497
4318 12734
4318 24489
4318 24510
4319 4660
4319 12649
4319 26504
4320 10462
4320 10464
4320 10488
4321 4322
4321 13565
4321 13628
4322 13612
4322 18071
4323 17076
4323 24526
4323 26696
4324 22364
4324 22999
4324 26260
4325 4329
4325 9928
4325 10102
4326 26249
4326 26261
4327 4331
4327 10621
4327 24535
4328 4877
4328 13635
4328 25709
4329 14388
4329 22796
4330 11357
4330 22799
4330 25700
4332 21774
4332 24539
4332 26510
4333 16974
4333 23020
4334 15740
4334 22343
4334 27000
4335 11121
4335 14844
4335 24546
4336 13462
4336 17492
4336 26518
4337 21777
4337 23030
4337 26703
4338 15364
4338 24596
4338 26278
4339 4668
4339 15333
4339 24586
4340 12642
4340 26522
4340 27019
4341 16587
4341 16688
4342 4672
4342 23181
4343 16340
4343 22352
4343 22371
4344 16302
4344 16600
4345 14856
4345 15162
4345 23381
4346 16693
4346 22371
4347 16591
4347 16593
4347 16808
4348 14765
4348 14769
4348 26523
4349 14440
4349 25747
4349 26523
4350 18253
4350 18264
4350 23297
4350 25763
4351 18266
4351 24614
4351 24617
4352 9620
4352 22376
4352 26298
4353 4354
4353 17214
4353 26796
4354 16767
4354 24627
4355 24616
4355 25766
4355 26793
4356 15548
4356 15746
4356 27039
4357 4361
4357 16707
4357 16774
4358 18201
4358 25758
4359 14871
4359 21797
4359 22378
4360 15330
4360 21798
4360 24638
4361 16341
4361 16782
4362 4368
4362 15142
4362 26524
4362 27041
4363 14874
4363 26524
4364 4365
4364 16344
4364 26288
4365 16815
4365 23197
4366 16892
4366 17234
4366 25754
4367 13990
4367 13992
4367 14097
4368 5024
4368 15555
4368 27041
4369 23627
4369 26301
4369 18244
4370 14260
4370 26525
4371 16699
4371 16784
4372 16860
4372 22820
4372 25757
4373 14903
4373 15173
4373 15336
4374 4375
4374 17085
4374 23643
4375 17020
4375 24738
4376 18181
4376 18184
4376 25787
4377 15815
4377 26527
4378 16233
4378 24661
4378 24694
4379 17002
4379 22815
4379 24742
4380 15459
4380 23307
4380 25769
4381 16442
4381 16783
4381 25784
4382 18007
4382 18025
4382 26528
4383 13924
4383 23040
4383 25799
4384 17614
4384 24648
4384 24727
4385 14166
4385 26525
4385 26530
4386 14015
4386 14579
4386 14890
4386 15300
4387 13740
4387 14533
4388 24678
4388 24731
4389 24699
4389 24739
4389 25804
4390 4896
4390 18225
4390 26714
4390 27042
4391 24749
4391 25802
4391 25803
4392 14688
4392 15964
4392 24722
4393 23603
4393 25811
4393 26530
4394 13972
4394 14094
4394 24729
4395 14176
4395 23635
4395 24793
4396 15890
4396 16145
4397 5091
4397 24682
4397 25836
4397 27043
4398 21872
4398 24831
4398 26315
4399 16448
4399 16832
4399 16838
4399 24811
4400 24768
4400 26722
4401 14177
4401 25840
4401 26535
4402 16461
4402 24844
4402 25835
4403 18197
4403 18207
4403 18227
4403 23652
4404 15575
4404 15717
4404 15726
4404 15811
4405 15235
4405 15388
4406 15309
4406 15383
4406 24821
4407 18245
4407 18250
4407 24861
4407 24866
4408 17979
4408 24778
4408 26538
4409 17937
4409 18014
4409 18032
4410 14542
4410 14597
4410 14701
4411 4412
4411 24863
4411 24878
4411 26901
4412 24825
4413 15477
4413 15727
4413 21878
4414 15585
4414 23209
4414 23731
4415 4416
4415 24909
4415 26537
4416 15769
4416 25850
4417 16646
4417 16731
4417 27004
4418 5135
4418 18142
4418 26319
4419 23488
4419 23673
4419 26542
4420 21887
4420 25851
4420 25862
4420 25865
4421 14993
4421 15224
4421 22471
4421 24933
4422 15844
4422 16844
4422 22467
4423 16921
4423 26545
4423 26723
4424 17417
4424 17535
4424 17595
4425 14988
4425 15241
4425 15403
4426 4427
4426 15373
4426 15592
4426 24784
4427 5097
4427 23322
4428 5035
4428 17260
4428 25869
4429 4431
4429 13890
4429 24913
4430 15763
4430 26544
4431 13847
4431 24839
4432 15797
4432 24905
4433 14984
4433 15253
4433 25874
4434 15617
4434 22461
4434 22833
4435 4710
4435 15612
4436 15950
4436 22485
4436 24966
4437 4921
4437 24953
4437 24979
4438 16657
4438 16743
4438 24920
4439 15687
4439 15812
4439 26562
4440 15062
4440 15261
4440 15377
4441 17968
4441 26339
4441 26563
4442 4446
4442 15610
4442 15689
4443 15270
4443 15413
4444 15054
4444 25902
4444 26553
4445 22848
4445 25006
4445 25009
4446 15501
4446 15803
4447 17476
4447 17555
4447 17579
4448 16297
4448 24962
4448 25027
4449 22850
4449 25914
4449 26568
4450 25905
4450 26565
4451 15641
4451 21944
4451 21983
4451 24997
4452 16658
4452 25923
4452 26358
4453 15078
4453 15114
4453 15411
4454 4929
4454 16547
4454 26361
4454 27045
4455 4456
4455 21948
4455 25075
4456 17772
4456 25073
4457 18173
4457 26565
4457 26570
4458 16298
4458 19757
4458 26566
4459 16193
4459 19767
4459 25051
4459 26567
4460 21965
4460 22879
4460 26569
4461 4462
4461 19246
4461 25098
4462 15696
4462 26369
4463 17114
4463 21986
4463 26367
4463 26874
4464 20768
4464 22510
4464 26576
4465 23232
4465 26372
4466 5043
4466 23674
4467 17999
4467 20623
4467 26577
4468 21997
4468 26578
4469 16047
4469 22551
4470 19184
4470 23238
4470 26579
4471 5047
4471 16858
4471 26739
4472 5049
4472 21980
4472 26877
4472 27046
4473 14811
4473 23500
4473 23594
4474 15976
4474 26584
4475 19611
4475 23072
4475 26584
4476 5051
4476 20218
4476 22569
4477 18377
4477 25119
4477 25958
4478 21186
4478 21289
4478 25962
4479 20351
4479 20556
4479 26594
4480 19761
4480 19835
4480 19873
4481 14831
4481 18798
4481 25161
4482 25147
4482 26596
4483 19236
4483 19480
4483 19553
4484 18706
4484 25163
4484 25168
4485 22588
4485 25156
4485 26748
4486 20895
4486 21052
4486 21084
4487 4488
4487 19478
4487 20371
4488 22897
4488 25990
4489 19617
4489 19769
4489 19869
4490 18704
4490 18713
4490 18720
4491 20282
4491 20377
4491 20524
4492 19235
4492 25230
4493 4495
4493 23398
4494 18717
4494 18865
4494 26398
4495 21201
4495 26751
4496 23462
4496 25188
4496 26402
4497 19378
4497 25244
4497 26015
4498 22596
4498 26400
4498 26752
4499 18849
4499 18733
4500 26401
4500 26405
4501 5176
4501 19275
4501 25254
4501 27047
4502 22898
4502 23254
4502 26018
4503 18563
4503 18569
4503 26405
4504 26017
4504 26027
4504 26037
4505 26047
4506 19801
4506 20243
4506 26605
4507 19777
4507 19871
4507 22065
4508 19169
4508 19211
4508 22902
4509 21065
4509 21098
4509 26606
4510 19527
4510 19533
4510 25265
4511 19379
4511 19392
4511 19543
4511 19557
4512 21138
4512 21156
4512 21207
4512 26758
4513 18817
4513 25272
4514 20403
4514 26058
4515 4516
4515 18435
4515 19301
4516 19459
4516 23101
4517 5206
4517 20471
4517 23615
4517 27048
4518 4520
4519 20244
4519 25287
4519 26421
4521 20453
4521 26059
4521 26612
4522 20410
4522 21161
4522 26417
4522 26613
4523 19735
4523 22092
4523 23104
4523 26620
4524 22632
4524 22925
4524 25303
4525 4526
4526 4529
4527 4528
4527 20078
4527 20409
4528 20585
4528 26081
4529 4784
4530 25307
4530 26429
4530 26622
4531 19335
4531 19513
4531 22086
4532 21111
4532 21276
4532 25321
4533 18648
4533 18756
4533 18807
4534 26093
4534 26433
4534 26622
4535 22639
4535 22910
4535 26434
4536 20561
4536 23401
4536 25347
4536 26438
4537 21180
4537 23110
4537 26440
4538 26092
4538 26835
4538 26989
4539 20500
4539 26097
4539 26631
4540 22102
4541 20430
4541 22640
4541 26634
4542 22643
4542 26632
4542 26633
4543 8109
4543 23618
4543 26635
4544 7850
4544 22648
4544 23754
4545 9006
4545 9007
4545 23541
4546 4549
4546 9009
4546 9071
4547 6026
4547 6058
4547 6379
4548 7567
4548 7784
4548 26636
4549 23728
4549 25381
4550 6847
4550 7171
4550 23801
4551 7859
4551 7895
4551 8073
4552 23115
4552 27049
4553 6080
4553 6120
4553 6414
4554 4555
4554 6511
4554 6707
4555 6746
4555 23837
4556 25418
4556 26114
4557 7232
4557 7520
4557 7523
4558 6524
4558 6538
4558 6749
4559 6908
4559 26639
4559 27050
4560 7909
4560 8087
4561 8076
4561 8157
4561 26119
4562 4563
4562 5917
4562 23476
4563 22933
4563 25426
4564 6296
4564 23939
4564 25435
4565 6440
4565 26125
4566 4568
4567 8264
4567 23823
4567 26447
4568 8964
4568 23506
4568 26122
4569 5921
4569 23647
4569 26646
4570 25442
4570 26124
4570 26642
4571 4804
4571 6191
4571 6811
4572 4973
4572 8149
4572 26133
4573 5882
4573 23864
4574 5064
4574 22139
4574 27030
4575 8883
4575 23966
4575 23993
4576 8854
4576 8973
4576 9082
4576 26649
4577 23272
4577 23510
4578 4580
4578 24000
4579 4582
4579 7956
4579 26768
4579 27051
4580 22151
4580 26137
4581 26650
4582 7807
4582 27051
4583 24005
4583 26948
4584 4585
4585 5984
4585 22175
4586 5587
4586 5812
4586 24054
4587 24087
4587 25475
4587 26656
4588 6814
4588 25478
4588 25481
4589 8123
4589 12772
4589 12786
4590 4591
4590 6256
4590 6346
4591 10161
4591 25498
4592 5367
4592 6398
4592 21531
4593 5970
4593 22185
4593 23145
4594 6699
4594 10656
4594 22194
4594 23479
4595 11603
4595 24140
4595 26160
4596 10175
4596 10650
4596 25499
4596 26162
4597 13476
4597 26165
4597 26659
4598 11217
4598 21541
4598 26464
4599 4985
4599 12442
4599 22977
4600 22710
4600 25543
4600 27032
4601 5074
4601 9758
4601 26465
4602 12778
4602 26172
4602 26660
4603 9947
4603 24170
4604 22711
4604 24199
4604 26661
4605 22721
4605 24200
4605 26180
4606 9162
4606 10141
4606 21551
4606 25551
4607 10717
4607 4608
4607 4607
4608 9770
4608 10097
4608 24275
4608 6680
4609 4610
4609 11553
4609 25560
4610 11323
4610 26665
4611 4612
4611 22239
4611 24213
4612 4615
4612 9969
4613 21564
4613 25574
4613 26473
4614 10901
4614 22245
4614 23648
4615 25568
4616 11308
4616 11554
4616 25571
4617 4618
4617 12670
4617 25563
4618 12486
4618 12491
4619 10221
4619 10631
4619 24242
4619 26477
4620 12928
4620 13188
4620 13194
4621 12751
4621 24318
4621 12451
4622 5181
4622 25592
4622 26996
4623 11138
4623 21598
4623 26963
4624 4626
4624 12340
4624 25576
4625 24259
4626 10794
4626 25596
4627 11412
4627 21599
4627 24328
4628 9501
4628 9515
4628 25604
4629 13596
4629 24299
4629 24315
4630 11319
4630 24340
4630 27052
4631 11244
4631 11514
4631 26206
4632 12520
4632 12680
4632 26677
4633 9856
4633 10052
4633 25586
4633 26678
4634 11262
4634 24330
4634 24356
4635 11270
4635 24380
4635 25607
4636 9831
4636 9847
4636 9995
4637 12833
4637 26680
4637 26684
4638 12767
4638 24381
4638 26975
4639 11152
4639 24305
4639 24407
4640 11439
4640 22285
4640 24384
4641 25624
4641 26490
4641 26685
4642 11440
4642 24425
4642 26218
4643 22985
4643 23586
4643 26491
4643 27053
4644 4645
4644 11352
4644 24358
4645 24440
4646 24402
4646 24469
4646 26785
4647 21604
4647 25628
4647 26685
4647 26686
4648 25621
4648 26681
4648 26690
4649 21615
4649 21630
4650 13066
4650 13106
4650 13113
4651 4652
4651 10997
4651 11001
4652 10858
4653 11364
4653 26693
4653 26976
4654 24443
4654 24514
4654 25659
4655 4656
4655 24459
4655 26856
4656 12359
4656 12449
4657 22304
4657 23179
4657 26884
4658 13126
4658 26695
4658 26978
4659 10025
4659 24495
4659 25674
4660 21681
4660 26696
4661 16306
4661 24492
4661 24501
4662 10843
4662 23290
4662 24542
4663 9113
4663 23016
4663 26508
4664 10021
4664 22314
4664 23280
4664 26697
4665 9395
4665 9404
4665 13708
4665 24545
4666 13699
4666 13712
4667 17164
4667 23291
4667 24584
4668 15147
4668 22339
4669 15424
4669 24564
4669 24631
4670 22367
4670 25743
4670 26711
4671 16371
4671 16828
4672 24622
4672 26794
4673 4675
4673 16255
4673 25746
4674 15439
4674 15659
4674 25745
4675 16226
4675 24656
4676 13993
4676 24605
4676 24635
4677 13755
4677 21751
4678 15444
4678 15745
4678 25779
4679 17216
4679 24673
4679 26526
4680 21817
4680 24657
4680 24684
4681 18092
4681 18275
4681 26529
4682 15568
4682 15668
4682 23302
4683 16622
4683 21809
4683 24757
4684 17668
4684 26800
4685 5026
4686 16236
4686 24810
4687 16247
4687 22443
4688 15749
4688 26898
4689 18211
4689 18228
4689 25836
4690 4902
4690 26898
4691 16151
4691 16157
4691 16160
4692 4696
4692 15571
4692 26536
4693 23657
4693 25867
4693 26724
4694 14921
4694 14975
4694 15311
4695 23051
4695 24924
4695 25839
4695 26536
4696 15728
4696 25850
4697 17186
4697 23048
4697 24854
4698 5135
4698 18229
4698 24881
4699 14377
4699 26328
4700 15589
4700 25855
4700 26544
4701 4702
4701 26867
4702 17156
4702 25857
4703 17830
4703 18116
4703 26539
4704 16455
4704 21911
4704 24932
4705 4914
4705 17056
4705 17230
4706 24937
4706 27044
4707 14341
4707 14385
4708 22466
4708 24969
4708 25875
4709 23220
4709 24845
4710 15488
4710 22829
4711 24986
4711 26340
4711 27005
4712 17190
4712 24972
4712 26809
4713 4714
4713 22469
4713 26559
4714 24957
4714 24976
4715 17232
4715 21919
4715 26813
4716 4717
4716 23223
4716 26561
4717 26873
4718 5100
4718 15613
4719 16270
4719 25884
4720 4723
4720 17639
4720 17640
4721 17053
4721 17110
4721 17247
4721 25888
4722 25008
4722 26729
4723 17275
4723 25004
4724 16470
4724 17944
4724 21906
4724 26351
4725 17841
4725 17857
4725 26563
4726 17575
4726 17663
4726 25004
4727 17117
4727 17204
4728 18162
4728 18262
4728 22543
4728 25891
4729 21945
4729 25897
4729 26818
4730 18130
4730 24982
4731 14203
4731 14237
4731 14362
4732 17604
4732 17612
4732 25045
4733 16573
4733 25023
4733 26358
4734 16196
4734 26357
4735 21959
4735 25014
4735 26731
4736 14733
4736 14816
4736 14823
4737 22865
4737 25070
4737 26937
4738 16000
4738 16066
4739 17436
4739 17484
4739 17581
4740 17996
4740 18259
4740 26362
4741 22493
4741 25064
4741 25086
4742 18002
4742 18034
4742 21327
4742 25077
4743 15777
4743 26575
4743 26732
4744 15529
4744 25097
4744 26370
4745 22523
4745 26741
4745 27056
4746 19876
4747 18672
4747 23496
4747 25135
4748 4750
4748 20331
4748 21329
4749 18448
4749 23068
4749 26585
4750 20342
4750 25984
4751 20361
4751 26586
4751 26593
4752 19521
4752 25121
4752 25150
4753 20334
4753 25149
4754 25151
4754 26747
4754 27007
4755 18667
4755 18772
4755 18778
4755 25209
4756 21093
4756 25160
4756 25988
4757 19187
4757 19628
4757 25226
4758 19639
4758 16284
4759 21120
4759 21229
4759 25996
4760 16278
4760 25302
4761 19856
4761 25113
4761 25200
4762 21270
4762 22050
4762 26751
4763 21190
4763 27058
4764 20003
4764 23096
4764 26752
4765 20005
4765 26749
4766 26397
4766 26400
4766 26406
4767 22597
4767 23248
4767 26419
4768 4769
4768 18877
4769 22066
4769 23094
4769 25256
4770 4771
4770 20837
4770 25263
4771 19595
4771 22906
4772 21145
4772 26756
4773 25278
4773 26033
4773 26610
4774 19285
4774 19546
4774 19560
4774 26024
4775 22070
4775 25303
4775 26065
4776 20088
4776 20203
4776 25279
4777 20092
4777 22071
4777 22620
4778 20155
4778 20173
4778 25339
4779 22923
4779 25293
4779 26613
4780 19261
4780 26759
4780 27012
4781 20497
4781 20538
4781 22088
4782 4783
4782 20254
4782 26628
4783 20028
4783 20108
4784 4966
4785 4788
4785 22911
4785 23463
4786 21301
4786 26623
4786 26986
4787 19280
4787 23357
4787 25344
4788 23112
4788 25340
4789 18543
4789 18661
4789 22629
4790 19475
4790 23113
4790 25366
4791 21363
4791 23769
4791 23773
4792 5977
4792 22655
4792 26920
4793 6881
4793 25391
4793 26442
4794 5254
4794 5264
4794 23794
4795 4796
4795 8153
4795 23623
4796 7871
4796 8115
4797 7828
4797 8018
4797 8072
4798 4801
4798 8706
4798 23764
4799 4800
4799 25405
4799 26991
4800 8551
4800 8651
4801 8404
4801 8559
4802 6893
4802 23873
4802 26836
4803 6576
4803 26446
4803 26761
4804 6595
4804 6710
4805 4806
4805 26127
4805 27014
4806 21422
4806 26961
4807 5781
4807 5874
4807 23996
4808 7811
4808 26451
4808 26840
4809 5117
4809 6726
4809 7071
4809 22683
4810 22145
4810 22942
4810 23948
4811 7022
4811 23139
4811 26768
4812 4813
4812 5905
4812 24013
4813 22181
4813 22937
4813 27059
4814 8884
4814 9049
4814 24058
4814 25470
4815 6350
4815 6410
4815 25469
4816 24070
4816 26138
4817 5066
4817 26142
4818 25476
4818 26150
4818 26155
4819 7093
4819 7148
4819 11384
4820 11458
4820 21448
4820 26843
4821 11011
4821 22177
4821 26771
4822 7096
4822 9940
4822 24118
4822 26463
4823 5072
4823 21449
4823 26158
4824 4825
4824 23162
4825 26168
4826 12097
4826 13456
4826 26773
4827 4984
4827 7077
4827 24155
4828 12915
4828 13131
4828 25517
4829 11132
4829 10894
4830 10492
4830 10641
4830 22212
4831 4832
4831 23168
4831 23656
4832 26471
4832 26661
4833 10112
4833 22727
4833 25530
4834 25550
4835 11542
4835 24228
4835 26186
4836 25545
4836 26469
4837 13586
4837 13673
4837 26775
4838 5149
4838 13502
4838 26189
4838 27062
4839 4841
4839 26468
4840 10268
4840 10632
4840 25552
4841 22980
4842 10591
4843 10283
4843 24245
4843 24246
4844 24317
4844 26478
4844 26778
4845 24276
4845 25570
4845 25588
4846 10779
4846 24353
4846 26780
4847 22261
4847 26781
4848 9984
4848 23550
4848 24290
4849 11892
4849 11934
4849 22394
4849 25602
4850 11139
4850 11157
4850 24355
4851 9695
4851 25604
4851 26208
4852 12704
4852 23435
4852 25617
4853 4999
4853 9722
4854 11522
4854 26223
4855 21660
4855 24334
4856 11819
4856 13012
4856 25647
4857 22293
4857 24398
4857 26222
4858 5001
4858 26691
4859 4860
4859 25644
4860 12403
4860 26786
4861 4862
4861 13608
4861 24533
4862 13683
4862 27018
4863 25661
4863 26238
4863 26922
4864 12411
4864 25670
4864 26245
4865 26243
4865 26248
4865 26264
4866 11495
4866 24499
4866 25693
4867 10537
4867 25687
4868 23438
4868 25694
4868 26502
4869 25676
4869 26252
4869 26788
4870 25690
4870 26505
4871 15540
4871 25691
4871 26789
4872 23019
4872 23685
4872 25652
4873 4874
4873 4878
4873 27064
4873 22793
4874 12646
4875 23590
4875 25714
4875 26514
4876 4877
4876 23561
4876 25719
4877 13669
4877 21742
4878 4879
4878 25735
4878 27065
4879 23292
4879 24515
4880 4881
4880 21695
4880 26703
4881 10028
4881 25731
4882 4883
4882 11286
4882 15536
4883 15744
4883 25721
4884 11870
4884 14472
4884 23377
4885 23192
4885 26698
4885 26790
4886 15153
4886 22370
4886 25752
4886 26254
4887 24585
4887 26268
4887 26285
4887 26287
4888 18135
4888 24553
4888 26793
4889 26299
4889 26794
4890 16290
4890 24663
4890 26861
4891 21776
4891 21800
4891 25774
4892 26304
4892 26716
4892 26799
4893 18051
4893 18222
4893 26863
4894 17136
4894 25781
4894 25814
4895 18206
4895 18224
4895 25791
4896 23629
4896 26897
4896 27042
4897 4898
4897 24703
4897 25801
4898 18188
4898 26532
4899 16880
4899 24767
4899 26950
4900 25790
4900 26322
4900 26534
4901 5093
4901 24827
4901 25808
4902 14380
4902 15795
4902 26804
4902 26795
4903 15713
4903 23731
4903 26537
4904 14958
4904 15000
4904 21876
4905 17185
4905 17226
4905 24807
4905 25848
4906 4909
4906 25824
4906 25849
4907 26900
4908 14349
4908 14397
4908 26866
4909 16912
4909 25863
4910 15474
4910 15584
4910 22465
4910 25831
4911 26806
4911 26808
4911 26868
4912 18148
4912 24891
4912 26807
4913 14500
4913 26327
4913 27066
4914 16913
4914 26981
4915 24901
4915 26340
4915 26556
4916 21916
4916 23328
4916 26543
4917 16926
4917 17142
4917 26551
4918 16563
4918 25882
4918 26560
4919 4921
4919 16482
4919 16523
4920 21871
4920 22470
4920 25922
4921 25883
4922 5163
4922 17068
4922 24971
4923 17282
4923 17446
4923 17451
4923 17576
4924 24951
4924 25909
4924 25912
4925 22491
4925 22839
4925 27067
4926 17113
4926 23329
4926 17105
4927 15650
4927 19346
4927 26819
4928 4929
4928 15286
4928 26363
4929 27045
4930 23071
4930 23229
4930 23337
4931 25124
4931 26736
4931 15737
4932 21998
4932 23392
4933 19353
4933 25106
4933 26575
4933 26820
4934 4935
4934 18888
4934 26356
4935 22012
4936 17161
4936 23526
4936 25942
4937 25117
4937 26821
4938 5105
4938 21095
4938 22558
4939 26383
4939 26822
4939 27068
4940 23568
4940 26585
4941 23076
4941 23239
4941 26909
4942 4943
4942 20188
4942 27025
4943 20240
4943 25978
4944 20278
4944 22560
4944 25146
4945 4946
4945 20355
4945 23061
4946 23694
4947 17125
4947 25991
4947 26747
4948 19810
4948 26380
4949 23079
4949 23091
4949 25182
4949 26390
4950 21260
4950 22023
4950 26597
4951 4955
4951 25969
4952 21081
4952 22034
4952 22893
4952 25989
4953 4954
4953 19437
4953 19581
4954 26392
4954 26983
4955 26000
4955 26750
4956 5198
4956 20393
4956 20529
4956 27069
4957 5211
4958 20144
4958 25246
4958 26600
4959 19384
4959 19528
4959 26971
4960 19005
4960 26408
4961 20533
4961 26040
4961 26985
4962 22913
4962 23256
4962 26050
4963 26067
4963 26878
4964 20319
4964 26430
4964 26436
4965 19396
4965 19402
4965 22105
4965 26834
4966 19031
4966 19041
4966 22095
4967 20572
4967 25336
4967 26102
4967 26630
4968 6842
4968 25393
4968 25422
4969 21406
4969 23812
4969 23835
4970 21407
4970 22931
4970 26992
4971 5961
4971 7149
4971 26641
4971 26837
4972 6428
4972 23121
4972 23365
4972 26443
4973 7821
4974 4975
4974 5978
4974 23367
4975 25443
4975 26448
4975 26838
4976 4977
4976 21412
4977 22140
4977 26146
4978 7640
4978 7701
4979 25458
4979 26973
4980 8879
4980 9029
4981 7467
4981 26840
4982 5937
4982 5967
4982 5975
4983 7973
4983 24132
4983 26154
4984 11312
4984 25512
4985 12012
4985 25557
4986 10096
4986 10124
4986 21338
4986 26850
4987 21439
4987 25537
4987 26659
4987 26662
4988 12480
4988 12779
4989 26190
4989 26478
4989 26775
4990 11388
4990 22743
4991 11477
4991 22744
4991 24252
4991 26672
4992 22746
4992 24368
4993 12516
4993 12828
4993 26484
4994 24322
4994 24346
4994 24391
4994 26683
4995 23277
4995 24327
4995 24430
4995 25613
4996 4998
4996 22277
4996 25618
4997 24343
4997 26225
4998 12427
4999 10630
4999 24432
5000 22987
5000 26492
5000 26784
5001 12729
5001 21612
5002 5151
5002 26495
5002 26933
5002 27070
5003 5133
5003 12366
5004 24521
5004 26244
5004 26690
5005 10434
5005 22754
5005 25673
5006 22303
5006 24491
5006 27038
5007 5008
5007 13183
5007 21594
5008 13645
5008 26283
5009 22768
5009 25685
5009 26856
5010 11539
5010 24473
5010 26789
5011 21767
5011 24563
5011 25679
5012 21696
5012 22328
5012 22783
5012 26889
5013 14266
5013 14389
5013 25733
5014 26286
5014 26860
5015 11777
5015 15832
5015 16231
5015 26861
5016 5017
5016 17182
5017 25739
5017 26896
5018 26713
5018 26924
5018 27021
5019 5022
5019 21783
5019 26896
5020 24669
5020 26796
5020 26797
5021 24620
5021 25759
5021 25768
5022 15561
5022 27002
5023 26799
5023 26862
5024 15463
5024 22423
5025 26800
5025 27054
5026 5027
5026 18193
5026 24773
5027 18254
5027 26979
5028 25847
5028 26717
5028 26980
5029 5030
5029 24829
5029 26533
5030 24869
5030 26546
5031 5032
5031 17144
5031 26721
5031 27071
5032 5094
5032 17099
5032 27071
5033 5035
5033 17198
5033 24818
5033 24899
5034 17150
5034 26867
5034 27072
5035 22840
5036 17265
5036 25864
5036 25877
5036 26809
5037 5161
5037 15092
5037 22476
5038 23662
5038 25896
5038 26871
5039 15524
5039 22489
5039 25898
5039 26872
5040 15813
5040 26564
5040 26930
5041 5042
5041 16301
5041 16479
5041 17961
5042 16584
5042 16660
5043 22857
5043 26875
5044 16957
5044 25092
5044 26874
5045 5139
5045 16939
5045 22881
5046 19886
5046 26737
5046 26740
5047 5050
5047 16684
5048 22506
5048 22553
5048 26876
5049 22015
5049 26876
5049 27046
5050 20220
5050 25945
5051 22524
5051 25928
5051 26379
5052 5053
5052 20338
5052 26935
5053 20369
5053 22883
5054 25213
5054 26744
5054 26925
5055 18380
5055 18693
5055 19134
5056 19143
5056 25961
5056 26595
5057 19925
5057 25154
5057 26591
5057 26823
5058 5107
5058 21251
5058 23501
5059 26373
5059 26748
5059 26826
5060 20459
5060 26914
5060 27026
5061 20417
5061 23574
5061 26055
5061 26878
5062 25350
5062 25355
5062 26919
5063 23636
5063 23842
5063 25428
5063 26647
5064 21425
5064 26763
5064 26839
5065 23679
5065 26650
5065 27031
5066 22155
5066 22697
5067 24105
5067 24129
5067 26456
5068 5070
5068 5069
5068 11212
5069 7058
5069 24091
5069 25483
5070 7054
5070 23544
5071 25514
5071 23432
5072 26173
5072 26851
5073 26458
5073 26847
5074 11557
5074 22231
5074 26844
5075 8899
5075 13538
5075 13613
5075 13620
5076 5077
5076 24412
5076 26679
5077 26489
5077 26498
5078 22994
5078 26857
5078 26884
5079 26692
5079 26507
5080 21736
5080 12406
5081 25689
5081 26506
5082 25699
5082 26513
5082 26929
5083 9603
5083 10475
5083 26263
5084 17242
5084 24574
5084 26923
5085 23023
5085 26256
5085 26509
5086 17171
5086 25717
5086 26888
5087 22346
5087 25727
5087 26889
5088 26284
5088 26521
5088 26792
5088 26890
5089 14850
5089 25729
5089 25730
5090 15754
5090 24716
5090 25779
5091 25854
5091 26897
5091 27043
5092 16723
5092 25821
5092 26718
5092 26802
5093 23654
5093 24848
5094 5095
5094 25845
5095 22463
5095 27073
5096 22464
5096 25881
5096 26901
5097 22834
5097 27055
5098 18121
5098 18143
5098 18251
5099 18237
5099 26727
5099 26807
5100 15483
5100 15691
5100 15800
5101 15071
5101 15104
5101 24935
5102 16485
5102 16522
5102 16546
5102 16555
5103 5138
5103 23457
5103 24973
5104 21114
5104 21183
5104 26902
5105 23675
5105 26877
5106 20778
5106 20861
5106 25966
5107 5143
5107 26388
5108 20442
5108 26829
5108 26830
5109 20517
5109 25217
5109 26914
5110 5210
5110 22052
5110 26753
5110 27074
5111 19572
5111 26759
5111 26915
5112 20323
5112 26617
5112 26879
5112 26917
5113 22081
5113 23403
5113 25328
5113 25329
5114 5115
5114 19567
5114 25324
5115 19576
5115 19577
5115 26432
5116 23734
5116 25358
5117 7027
5117 23991
5118 21458
5118 26936
5119 5120
5119 6698
5119 25490
5119 26772
5120 6778
5120 22947
5121 11376
5121 25508
5121 26843
5122 11188
5122 27075
5122 26658
5123 5124
5123 11381
5123 24157
5123 24205
5124 11220
5124 11387
5125 5126
5125 8934
5125 12719
5126 12467
5126 26854
5127 21576
5127 26664
5128 26480
5128 26921
5128 27033
5129 5130
5129 11479
5129 26921
5130 11485
5130 26200
5131 5132
5131 13624
5131 13659
5132 26221
5132 26234
5133 12631
5133 25633
5134 22415
5134 26798
5134 26924
5135 27023
5136 24946
5136 26558
5136 26808
5137 23444
5137 27076
5138 22494
5138 24998
5139 25934
5139 27077
5140 26580
5140 27078
5141 18918
5141 26746
5141 26909
5142 23572
5142 26594
5142 26925
5143 25173
5143 26906
5144 26077
5144 26631
5144 26880
5145 21168
5145 21225
5145 25334
5145 26926
5146 23353
5146 25352
5146 26835
5147 12667
5147 12793
5147 26777
5147 26853
5148 5149
5148 22708
5148 26855
5149 24209
5149 27063
5150 10330
5150 11913
5151 26881
5151 26941
5151 27070
5152 12371
5152 12419
5152 21666
5152 25627
5153 25702
5153 26859
5153 26892
5153 26934
5154 21628
5154 26694
5154 26929
5155 21690
5155 26922
5155 26923
5156 23638
5156 27080
5157 5158
5157 21879
5157 24872
5158 15791
5158 15820
5159 5161
5159 16499
5159 16652
5159 21896
5160 22843
5160 24926
5160 26331
5160 26557
5161 26555
5161 26870
5162 24929
5162 26728
5163 25890
5163 26332
5163 26815
5164 21974
5164 26931
5165 26061
5165 26754
5165 26946
5166 5190
5166 19540
5166 26919
5167 6752
5167 26645
5167 26932
5168 25462
5168 26121
5168 26932
5169 26846
5169 6982
5170 10894
5170 26655
5170 22236
5171 5172
5171 26860
5171 26277
5172 24660
5172 26306
5173 21831
5173 23055
5173 26314
5173 26535
5174 24746
5174 26805
5174 26899
5174 14003
5175 5176
5175 19570
5175 22046
5175 25231
5176 19445
5176 27047
5177 21287
5177 26938
5177 27011
5178 20505
5178 26616
5178 27083
5179 20580
5179 22638
5179 23109
5179 26928
5180 20423
5180 20548
5180 26096
5180 26918
5181 26675
5181 26779
5182 22333
5182 26710
5182 27084
5183 26871
5183 26873
5184 26583
5184 26931
5184 27085
5185 26743
5185 26903
5185 25143
5186 26910
5186 26413
5187 5203
5187 24108
5187 27086
5188 24456
5188 26940
5188 26941
5189 26913
5189 26943
5190 19512
5190 23354
5190 26947
5191 23117
5191 26920
5191 23845
5192 23916
5192 25411
5192 26942
5193 5194
5193 7048
5193 22158
5193 26767
5194 21467
5194 26656
5194 26770
5195 5196
5195 21312
5195 23216
5195 26930
5196 25915
5196 26937
5197 18166
5197 26944
5197 26908
5198 25228
5198 26945
5198 27069
5199 23504
5199 26954
5200 19374
5200 26949
5201 22605
5201 26428
5201 26946
5202 19450
5202 26424
5202 26916
5202 26947
5203 24100
5203 26952
5204 22220
5204 26953
5205 18221
5205 21820
5205 26708
5205 26955
5206 26619
5206 27048
5206 26833
5207 5216
5207 22307
5207 26688
5207 27089
5208 17040
5208 26951
5208 27072
5209 26657
5209 26953
5209 27088
5210 5211
5210 26604
5210 27074
5211 26012
5212 5213
5212 26602
5212 26954
5212 27090
5213 26939
5213 26959
5213 27090
5214 5215
5214 26958
5215 23259
5216 21654
5216 27089
5216 27091
5217 5218
5218 5219
5219 5220
5220 5221
5221 5222
5222 5223
5223 5224
5225 5226
5226 5227
5228 5229
5229 5230
5230 5231
5231 5232
5232 5233
5234 5235
5235 5236
5236 5237
5237 5238
5238 5239
5239 5240
5240 5241
5241 5242
5242 5243
5243 5244
5245 5246
5246 5247
5248 5249
5250 5251
5251 5252
5252 5253
5253 5254
5255 5256
5256 5257
5257 5258
5259 5260
5260 5261
5261 5262
5262 5263
5263 5264
5265 5266
5266 5267
5267 5268
5268 5269
5269 5270
5270 5271
5272 5273
5273 5274
5274 5275
5275 5276
5276 5277
5277 5278
5279 5280
5280 5281
5281 5282
5282 5283
5283 5284
5284 5285
5285 5286
5286 5287
5289 5290
5290 5291
5291 5292
5292 5293
5293 5294
5295 5296
5297 5298
5299 5300
5301 5302
5302 5303
5303 5304
5304 5305
5305 5306
5306 5307
5307 5308
5308 5309
5310 5311
5311 5312
5312 5313
5313 5314
5314 5315
5315 5316
5316 5317
5317 5318
5318 5319
5319 5320
5320 5321
5322 5323
5323 5324
5324 5325
5325 5326
5326 5327
5327 5328
5329 5330
5330 5331
5331 5332
5332 5333
5333 5334
5334 5335
5335 5336
5336 5337
5337 5338
5338 5339
5339 5340
5340 5341
5341 5342
5342 5343
5343 5344
5344 5345
5347 5348
5348 5349
5349 5350
5351 5352
5352 5353
5354 5355
5355 5356
5356 5357
5357 5358
5358 5359
5359 5360
5361 5362
5362 5363
5363 5364
5364 5365
5365 5366
5366 5367
5368 5369
5369 5370
5370 5371
5372 5373
5374 5375
5375 5376
5376 5377
5377 5378
5378 5379
5379 5380
5381 5382
5382 5383
5383 5384
5384 5385
5385 5386
5386 5387
5387 5388
5388 5389
5389 5390
5390 5391
5391 5392
5392 5393
5393 5394
5394 5395
5396 5397
5397 5398
5398 5399
5399 5400
5400 5401
5402 5403
5403 5404
5404 5405
5405 5406
5407 5408
5409 5410
5410 5411
5411 5412
5412 5413
5413 5414
5415 5416
5417 5418
5418 5419
5419 5420
5421 5422
5424 5425
5425 5426
5426 5427
5427 5428
5428 5429
5432 5433
5433 5434
5434 5435
5435 5436
5436 5437
5437 5438
5439 5440
5440 5441
5441 5442
5442 5443
5443 5444
5444 5445
5445 5446
5447 5448
5448 5449
5451 5452
5452 5453
5453 5454
5455 5456
5456 5457
5457 5458
5459 5460
5460 5461
5461 5462
5462 5463
5465 5466
5466 5467
5467 5468
5468 5469
5469 5470
5470 5471
5471 5472
5472 5473
5473 5474
5474 5475
5475 5476
5476 5477
5477 5478
5478 5479
5479 5480
5480 5481
5481 5482
5482 5483
5485 5486
5486 5487
5488 5489
5489 5490
5490 5491
5491 5492
5492 5493
5494 5495
5496 5497
5497 5498
5499 5500
5500 5501
5501 5502
5503 5504
5505 5506
5507 5508
5508 5509
5509 5510
5510 5511
5511 5512
5512 5513
5513 5514
5514 5515
5515 5516
5516 5517
5518 5519
5519 5520
5520 5521
5521 5522
5523 5524
5524 5525
5525 5526
5526 5527
5528 5529
5529 5530
5530 5531
5531 5532
5533 5534
5534 5535
5535 5536
5537 5538
5538 5539
5539 5540
5540 5541
5541 5542
5542 5543
5543 5544
5544 5545
5545 5546
5546 5547
5549 5550
5550 5551
5552 5553
5553 5554
5554 5555
5556 5557
5557 5558
5558 5559
5559 5560
5560 5561
5561 5562
5562 5563
5563 5564
5564 5565
5565 5566
5566 5567
5567 5568
5569 5570
5570 5571
5571 5572
5572 5573
5574 5575
5575 5576
5576 5577
5577 5578
5579 5580
5580 5581
5581 5582
5582 5583
5583 5584
5584 5585
5585 5586
5588 5589
5589 5590
5590 5591
5591 5592
5593 5594
5594 5595
5595 5596
5597 5598
5598 5599
5600 5601
5601 5602
5602 5603
5603 5604
5604 5605
5605 5606
5607 5608
5608 5609
5609 5610
5610 5611
5611 5612
5612 5613
5613 5614
5614 5615
5615 5616
5616 5617
5617 5618
5618 5619
5620 5621
5621 5622
5622 5623
5623 5624
5624 5625
5625 5626
5626 5627
5627 5628
5628 5629
5629 5630
5630 5631
5631 5632
5632 5633
5634 5635
5635 5636
5636 5637
5637 5638
5638 5639
5640 5641
5641 5642
5644 5645
5648 5649
5649 5650
5650 5651
5651 5652
5652 5653
5653 5654
5654 5655
5655 5656
5657 5658
5658 5659
5659 5660
5660 5661
5661 5662
5662 5663
5666 5667
5667 5668
5668 5669
5670 5671
5672 5673
5673 5674
5674 5675
5675 5676
5676 5677
5677 5678
5678 5679
5679 5680
5681 5682
5682 5683
5683 5684
5685 5686
5686 5687
5687 5688
5688 5689
5690 5691
5691 5692
5692 5693
5694 5695
5695 5696
5696 5697
5697 5698
5698 5699
5699 5700
5700 5701
5701 5702
5702 5703
5703 5704
5705 5706
5706 5707
5707 5708
5709 5710
5710 5711
5711 5712
5712 5713
5713 5714
5715 5716
5716 5717
5719 5720
5720 5721
5721 5722
5723 5724
5724 5725
5725 5726
5726 5727
5727 5728
5729 5730
5730 5731
5731 5732
5732 5733
5734 5735
5735 5736
5736 5737
5737 26972
5738 5739
5740 5741
5741 5742
5742 5743
5743 5744
5745 5746
5746 5747
5747 26972
5748 5749
5750 5751
5751 5752
5752 5753
5754 5755
5755 5756
5756 5757
5757 5758
5758 5759
5759 5760
5760 5761
5761 5762
5763 5764
5764 5765
5765 5766
5767 5768
5768 5769
5769 5770
5770 5771
5771 5772
5772 5773
5773 5774
5774 5775
5775 5776
5777 5778
5779 5780
5780 5781
5782 5783
5784 5785
5785 5786
5786 5787
5788 5789
5789 5790
5790 5791
5792 5793
5794 5795
5795 5796
5796 5797
5797 5798
5798 5799
5799 5800
5800 5801
5801 5802
5803 5804
5804 5805
5805 5806
5806 5807
5807 5808
5808 5809
5809 5810
5810 5811
5811 5812
5813 5814
5814 5815
5816 5817
5817 5818
5818 5819
5822 5823
5824 5825
5825 5826
5826 5827
5827 5828
5828 5829
5830 5831
5833 5834
5834 5835
5835 5836
5836 5837
5837 5838
5838 5839
5840 5841
5841 5842
5842 5843
5843 5844
5844 5845
5845 5846
5846 5847
5849 5850
5850 5851
5851 5852
5852 5853
5853 5854
5855 5856
5856 5857
5858 5859
5859 25397
5860 5861
5861 5862
5863 5864
5864 5865
5865 5866
5866 5867
5867 23701
5868 5869
5869 5870
5870 5871
5871 5872
5873 5874
5875 5876
5877 5878
5878 5879
5879 5880
5880 5881
5881 5882
5883 5884
5884 5885
5885 5886
5886 5887
5887 5888
5888 5969
5889 5890
5890 5891
5891 5892
5892 5893
5894 5895
5895 5896
5896 5897
5897 5898
5898 5899
5899 5900
5900 5901
5901 5902
5902 5903
5903 5904
5904 5905
5906 5907
5907 5908
5908 5909
5909 5910
5911 5912
5914 5915
5915 5916
5916 5917
5918 5919
5919 5920
5920 5921
5922 5923
5923 5924
5924 5925
5925 5926
5927 5928
5928 5929
5930 5931
5932 5933
5933 5934
5934 5935
5935 5936
5936 5937
5938 5939
5939 5940
5940 5941
5941 5942
5942 5943
5943 5944
5945 5946
5947 5948
5948 5949
5949 5950
5950 5951
5951 5952
5952 5953
5954 5955
5955 5956
5956 5957
5958 5959
5959 5960
5960 5961
5962 5963
5963 5964
5965 5966
5965 5979
5967 5968
5968 5969
5969 27016
5970 5971
5971 5972
5972 5973
5973 5974
5974 5975
5976 5977
5979 5980
5981 5982
5982 5983
5983 5984
5985 5986
5986 5987
5987 5988
5988 5989
5989 5990
5991 5992
5994 5995
5995 5996
5997 23702
5999 6000
6001 6002
6002 6003
6003 6004
6004 6005
6005 6006
6007 6008
6008 6009
6009 6010
6010 6011
6011 6012
6012 6013
6013 6014
6014 6015
6015 6016
6016 6017
6017 6018
6018 6019
6020 6021
6021 6022
6022 6023
6023 6024
6024 6025
6025 6026
6027 6028
6028 6029
6029 6030
6030 6031
6032 6033
6033 6034
6034 6035
6035 6036
6036 6037
6037 6038
6038 6039
6039 6040
6040 6041
6041 6042
6042 6043
6043 6044
6044 6045
6045 6046
6046 6047
6047 6048
6048 6049
6049 6050
6050 6051
6052 6053
6053 6054
6054 6055
6056 6057
6057 6058
6059 6060
6060 6061
6061 6062
6062 6063
6063 6064
6064 6065
6066 6067
6067 6068
6068 6069
6069 6070
6070 6071
6072 6073
6073 6074
6075 6076
6076 6077
6077 6078
6078 6079
6079 6080
6081 6082
6082 6083
6083 6084
6084 6085
6086 6087
6087 6088
6088 6089
6089 6090
6090 6091
6091 6092
6092 6093
6093 6094
6094 6095
6095 6096
6096 6097
6097 6098
6099 6100
6100 6101
6102 6103
6103 6104
6104 6105
6105 6106
6106 6107
6107 6108
6108 6109
6109 6110
6110 6111
6112 6113
6113 6114
6114 6115
6115 6116
6116 6117
6117 6118
6118 6119
6119 6120
6121 6122
6122 6123
6123 6124
6124 6125
6125 6126
6126 6127
6127 6128
6128 6129
6129 6130
6131 6132
6132 6133
6133 6134
6134 6135
6137 6138
6138 6139
6139 6140
6140 6141
6141 6142
6142 6143
6143 6144
6146 6147
6147 6148
6148 6149
6149 6150
6150 6151
6151 6152
6152 6153
6154 6155
6155 6156
6156 6157
6157 6158
6158 6159
6159 6160
6160 6161
6161 6162
6162 6163
6164 6165
6165 6166
6166 6167
6167 6168
6168 6169
6169 6170
6170 6171
6171 6172
6172 6173
6173 6174
6174 6175
6175 6176
6176 6177
6177 6178
6178 6179
6179 6180
6180 6181
6181 6182
6182 6183
6183 6184
6184 6185
6185 6186
6186 6187
6187 6188
6188 6189
6189 6190
6190 6191
6193 6194
6194 6195
6195 6196
6196 6197
6198 6199
6199 6200
6201 6202
6202 6203
6203 6204
6204 6205
6205 6206
6206 6207
6207 6208
6208 6209
6210 6211
6211 6212
6212 6213
6213 6214
6214 6215
6215 6216
6217 6218
6218 6219
6219 6220
6220 6221
6221 6222
6222 6223
6224 6225
6225 6226
6226 6227
6227 6228
6229 6230
6230 6231
6231 6232
6232 6233
6233 6234
6234 6235
6236 6237
6237 6238
6238 6239
6240 6241
6241 6242
6242 6243
6243 6244
6244 6245
6245 6246
6246 6247
6247 6248
6248 6249
6249 6250
6250 6251
6251 6252
6252 6253
6253 6254
6254 6255
6255 6256
6257 6258
6258 6259
6259 6260
6260 6261
6261 6262
6262 6263
6263 6264
6264 6265
6265 6266
6266 6267
6268 6269
6269 6270
6270 6271
6271 6272
6272 6273
6273 6274
6274 6275
6275 6276
6276 6277
6277 6278
6278 6279
6280 6281
6281 6282
6282 6283
6284 6285
6285 6286
6286 6287
6287 6288
6288 6289
6289 6290
6291 6292
6292 6293
6293 6294
6294 6295
6295 6296
6297 6298
6298 6299
6299 6300
6300 6301
6301 6302
6302 6303
6303 6304
6304 6305
6305 6306
6306 6307
6307 6308
6308 6309
6309 6310
6310 6311
6312 6313
6314 6315
6315 6316
6317 6318
6318 6319
6319 6320
6321 6322
6322 6323
6323 6324
6324 6325
6325 6326
6326 6327
6328 6329
6329 6330
6330 6331
6331 6332
6332 6333
6333 6334
6334 6335
6335 6336
6336 6337
6338 6339
6339 6340
6341 6342
6342 6343
6343 6344
6344 6345
6345 6346
6348 6349
6349 6350
6351 6352
6352 6353
6353 6354
6354 6355
6355 6356
6357 6358
6358 6359
6359 6360
6360 6361
6361 6362
6363 6364
6364 6365
6365 6366
6366 6367
6367 6368
6368 6369
6369 6370
6371 6372
6372 6373
6374 6375
6375 6376
6376 6377
6377 6378
6378 6379
6380 6381
6381 6382
6382 6383
6384 6385
6386 6387
6387 6388
6388 6389
6389 6390
6390 6391
6391 6392
6392 6393
6393 6394
6395 6396
6396 6397
6397 6398
6400 6401
6401 6402
6402 6403
6403 6404
6404 6405
6405 6406
6406 6407
6407 6408
6408 6409
6409 6410
6412 6413
6413 6414
6415 6416
6417 6418
6418 6419
6419 6420
6420 6421
6421 6422
6422 6423
6423 6424
6424 6425
6425 6426
6426 6427
6427 6428
6429 6430
6430 6431
6431 6432
6432 6433
6433 6434
6434 6435
6435 6436
6436 6437
6437 6438
6438 6439
6439 6440
6441 6442
6442 6443
6445 6446
6446 6447
6447 6448
6448 6449
6452 6453
6453 6454
6454 6455
6455 6456
6456 6457
6458 6459
6459 6460
6460 6461
6461 6462
6463 6464
6464 6465
6465 6466
6467 6468
6468 6469
6469 6470
6470 6471
6471 6472
6473 6474
6474 6475
6475 6476
6476 6477
6477 6478
6478 6479
6479 6480
6481 6482
6482 6483
6483 6484
6484 6485
6485 6486
6487 6488
6488 6489
6489 6490
6490 6491
6491 6492
6493 6494
6495 6496
6497 6498
6499 6500
6500 6501
6501 6502
6502 6503
6504 6505
6505 6506
6506 6507
6507 6508
6509 6510
6510 6511
6512 6513
6513 6514
6514 6515
6515 6516
6516 6517
6517 6518
6518 6519
6519 6520
6520 6521
6521 6522
6522 6523
6523 6524
6525 6526
6526 6527
6527 6528
6528 6529
6529 6530
6530 6531
6532 6533
6533 6534
6534 6535
6535 6536
6536 6537
6537 6538
6539 6540
6540 6541
6542 6543
6543 6544
6544 6545
6545 6546
6546 6547
6547 6548
6549 6550
6550 6551
6551 6552
6552 6553
6553 6554
6555 6556
6556 6557
6557 6558
6558 6559
6559 6560
6560 6561
6561 6562
6562 6563
6563 6564
6564 6565
6566 6567
6567 6568
6568 6569
6569 6570
6571 6572
6572 6573
6574 6575
6575 6576
6577 6578
6578 6579
6579 6580
6580 6581
6581 6582
6582 6583
6583 6584
6584 6585
6586 6587
6587 6588
6589 6590
6590 6591
6591 6592
6593 6594
6594 6595
6596 6597
6597 6598
6599 6600
6600 6601
6601 6602
6602 6603
6603 6604
6604 6605
6605 6606
6606 6607
6607 6608
6608 6609
6610 6611
6611 6612
6612 6613
6613 6614
6614 6615
6615 6616
6616 6617
6617 6618
6618 6619
6620 6621
6621 6622
6622 6623
6623 6624
6624 6625
6625 6626
6626 6627
6627 6628
6628 6629
6629 6630
6630 6631
6631 6632
6632 6633
6633 6634
6634 6635
6635 6636
6636 6637
6637 6638
6639 6640
6641 6642
6642 6643
6643 6644
6644 6645
6645 6646
6646 6647
6648 6649
6649 6650
6650 6651
6651 6652
6652 6653
6653 6654
6654 6655
6655 6656
6657 6658
6658 6659
6659 6660
6660 6661
6661 6662
6662 6663
6663 6664
6665 6666
6666 6667
6667 6668
6668 6669
6670 6671
6671 6672
6672 6673
6673 6674
6674 6675
6675 6676
6676 6677
6677 6678
6678 6679
6679 6680
6680 11137
6681 6682
6682 6683
6683 6684
6684 6685
6685 6686
6686 6687
6687 6688
6688 6689
6690 6691
6691 6692
6692 6693
6693 6694
6694 6695
6695 6696
6696 6697
6697 6698
6699 6700
6700 6701
6701 6702
6702 6703
6703 6704
6704 6705
6705 6706
6706 27088
6706 27087
6707 6708
6708 6709
6709 6710
6711 6712
6712 6713
6714 6715
6715 6716
6717 6718
6718 6719
6720 6721
6721 6722
6722 6723
6723 6724
6724 6725
6725 6726
6727 6728
6728 6729
6729 6730
6731 6732
6732 6733
6733 6734
6734 6735
6735 6736
6736 6737
6737 6738
6738 6739
6739 6740
6740 6741
6742 6743
6743 6744
6744 6745
6745 6746
6747 6748
6749 6750
6750 6751
6751 6752
6753 6754
6754 6755
6757 6758
6758 6759
6759 6760
6760 6761
6761 6762
6763 6764
6764 6765
6766 6767
6767 6768
6768 6769
6769 6770
6770 6771
6771 6772
6772 6773
6773 6774
6775 6776
6776 6777
6777 6778
6779 6780
6780 6781
6781 6782
6783 6784
6784 6785
6785 6786
6787 6788
6788 6789
6789 6790
6790 6791
6791 6792
6792 6793
6796 6797
6797 6798
6798 6799
6799 6800
6800 6801
6801 6802
6802 6803
6804 6805
6807 6808
6808 6809
6809 6810
6810 6811
6813 6814
6815 6816
6821 6822
6822 6823
6823 6824
6825 6826
6826 6827
6828 6829
6829 6830
6830 6831
6831 6832
6832 6833
6833 6834
6834 6835
6835 6836
6836 6837
6837 6838
6838 6839
6839 6840
6840 6841
6841 6842
6843 6844
6844 6845
6845 6846
6846 6847
6848 6849
6850 6851
6851 6852
6852 6853
6853 6854
6854 6855
6856 6857
6857 6858
6858 6859
6859 6860
6860 6861
6862 6863
6863 6864
6864 6865
6865 6866
6866 6867
6868 6869
6869 6870
6870 6871
6871 6872
6872 6873
6873 6874
6874 6875
6875 6876
6876 6877
6877 6878
6878 6879
6879 6880
6880 6881
6882 6883
6883 6884
6884 6885
6885 6886
6886 6887
6887 6888
6888 6889
6889 6890
6890 6891
6891 6892
6892 6893
6894 6895
6895 6896
6896 6897
6897 6898
6898 6899
6899 6900
6900 6901
6902 6903
6903 6904
6904 6905
6905 6906
6907 6908
6909 6910
6910 6911
6911 6912
6913 6914
6914 6915
6916 6917
6918 6919
6919 6920
6920 6921
6922 6923
6923 6924
6925 6926
6926 6927
6927 6928
6929 6930
6930 6931
6931 6932
6933 6934
6934 6935
6935 6936
6936 6937
6937 6938
6939 6940
6940 6941
6941 6942
6942 6943
6943 6944
6944 6945
6945 6946
6947 6948
6948 6949
6949 6950
6950 6951
6952 6953
6953 6954
6954 6955
6956 6957
6957 6958
6958 6959
6959 6960
6960 6961
6961 6962
6962 6963
6964 6965
6965 6966
6966 6967
6967 6968
6968 6969
6970 6971
6971 6972
6972 6973
6974 6975
6975 6976
6976 6977
6977 6978
6978 6979
6979 6980
6980 6981
6981 6982
6981 7044
6982 22220
6982 24150
6984 6985
6985 6986
6987 6988
6988 6989
6990 6991
6991 6992
6992 6993
6993 6994
6995 6996
6996 6997
6997 6998
6998 6999
7000 7001
7001 7002
7002 7003
7003 7004
7005 7006
7006 7007
7007 7008
7009 7010
7010 7011
7011 7012
7013 7014
7014 7015
7015 7016
7016 7017
7017 7018
7018 7019
7019 7020
7020 7021
7022 7023
7023 7024
7024 7025
7025 7026
7026 7027
7028 7029
7029 7030
7030 7031
7031 7032
7032 7033
7033 7034
7034 21458
7035 7036
7036 7037
7037 7038
7038 7039
7039 7040
7040 7041
7041 7042
7042 7043
7043 7044
7045 7046
7046 7047
7047 7048
7049 7050
7050 7051
7051 7052
7052 7053
7053 7054
7055 7056
7056 7057
7057 7058
7059 7060
7060 7061
7061 7062
7062 7063
7064 7065
7065 7066
7065 23157
7066 7067
7067 7068
7068 7069
7069 7070
7070 7071
7072 7073
7073 7074
7074 7075
7075 7076
7076 7077
7079 7080
7080 7081
7081 7082
7082 7083
7083 7084
7086 7087
7087 7088
7089 7090
7090 7091
7091 7092
7092 7093
7094 7095
7095 7096
7097 7098
7098 7099
7099 7100
7100 7101
7102 7103
7103 7104
7105 7106
7106 7107
7107 7108
7108 7109
7109 7110
7110 7111
7111 7112
7112 7113
7114 7115
7116 7117
7118 7119
7119 7120
7121 7122
7123 7124
7124 7125
7125 7126
7127 7128
7129 7130
7131 7132
7132 7133
7133 7134
7134 7135
7135 7136
7136 7137
7137 7138
7138 7139
7139 7140
7141 7142
7143 7144
7144 7145
7146 7147
7147 7148
7151 7152
7152 7153
7153 7154
7154 7155
7156 7157
7157 7158
7158 7159
7162 7163
7163 7164
7164 7165
7165 7166
7168 7169
7169 7170
7170 7171
7172 7173
7179 7180
7180 7181
7181 7182
7182 7183
7183 7184
7184 7185
7185 7186
7186 7187
7187 7188
7188 7189
7190 7191
7191 7192
7192 7193
7196 7197
7198 7199
7199 7200
7200 7201
7201 7202
7202 7203
7203 7204
7205 7206
7206 7207
7207 7208
7209 7210
7210 7211
7212 7213
7213 7214
7214 7215
7215 7216
7216 7217
7217 7218
7218 7219
7219 7220
7220 7221
7221 7222
7222 7223
7223 7224
7224 7225
7225 7226
7226 7227
7227 7228
7228 7229
7229 7230
7230 7231
7231 7232
7234 7235
7235 7236
7236 7237
7237 7238
7238 7239
7239 7240
7240 7241
7241 7242
7243 7244
7244 7245
7245 7246
7246 7247
7247 7248
7248 7249
7249 7250
7250 7251
7252 7253
7253 7254
7254 7255
7256 7257
7258 7259
7259 7260
7260 7261
7261 7262
7262 7263
7263 7264
7264 7265
7265 7266
7266 7267
7268 7269
7269 7270
7271 7272
7272 7273
7273 7274
7275 7276
7276 7277
7277 7278
7278 7279
7280 7281
7281 7282
7282 7283
7283 7284
7284 7285
7285 7286
7287 7288
7288 7289
7289 7290
7290 7291
7291 7292
7292 7293
7293 7294
7294 7295
7295 7296
7296 7297
7297 7298
7298 7299
7299 7300
7300 7301
7301 7302
7302 7303
7303 7304
7305 7306
7306 7307
7307 7308
7309 7310
7310 7311
7311 7312
7312 7313
7313 7314
7314 7315
7315 7316
7316 7317
7318 7319
7319 7320
7320 7321
7321 7322
7323 7324
7324 7325
7325 7326
7326 7327
7327 7328
7328 7329
7329 7330
7330 7331
7331 7332
7332 7333
7333 7334
7335 7336
7336 7337
7338 7339
7339 7340
7340 7341
7341 7342
7342 7343
7343 7344
7345 7346
7346 7347
7347 7348
7348 7349
7349 7350
7350 7351
7351 7352
7352 7353
7353 7354
7354 7355
7355 7356
7356 7357
7357 7358
7360 7361
7361 7362
7362 7363
7363 7364
7364 7365
7365 7366
7366 7367
7367 7368
7368 7369
7370 7371
7371 7372
7372 7373
7373 7374
7375 7376
7376 7377
7377 7378
7378 7379
7379 7380
7381 7382
7382 7383
7383 7384
7384 7385
7385 7386
7388 7389
7389 7390
7391 7392
7392 7393
7393 7394
7394 7395
7395 7396
7396 7397
7398 7399
7399 7400
7400 7401
7401 7402
7402 7403
7403 7404
7406 7407
7407 7408
7410 7411
7411 7412
7412 7413
7413 7414
7414 7415
7415 7416
7416 7417
7417 7418
7418 7419
7420 7421
7421 7422
7423 7424
7425 7426
7426 7427
7429 7430
7430 7431
7431 7432
7433 7434
7434 7435
7435 7436
7436 7437
7437 7438
7438 7439
7440 7441
7441 7442
7442 7443
7444 7445
7445 7446
7446 7447
7447 7448
7452 7453
7454 7455
7455 7456
7456 7457
7457 7458
7458 7459
7459 7460
7460 7461
7461 7462
7462 7463
7463 7464
7464 7465
7465 7466
7466 7467
7468 7469
7469 7470
7470 7471
7471 7472
7472 7473
7473 7474
7474 7475
7475 7476
7476 7477
7477 7478
7478 7479
7479 7480
7481 7482
7482 7483
7484 7485
7485 7486
7487 7488
7488 7489
7489 7490
7491 7492
7492 7493
7493 7494
7494 7495
7495 7496
7496 7497
7497 7498
7498 7499
7499 7500
7500 7501
7501 7502
7502 7503
7503 7504
7504 7505
7505 7506
7506 7507
7507 7508
7508 7509
7509 7510
7510 7511
7511 7512
7512 7513
7513 7514
7514 7515
7515 7516
7516 7517
7517 7518
7519 7520
7521 7522
7522 7523
7524 7525
7525 7526
7527 7528
7529 7530
7530 7531
7532 7533
7534 7535
7535 7536
7537 7538
7538 7539
7539 7540
7540 7541
7541 7542
7542 7543
7544 7545
7545 7546
7546 7547
7547 7548
7548 7549
7549 7550
7550 7551
7551 7552
7553 7554
7554 7555
7555 7556
7557 7558
7559 7560
7560 7561
7561 7562
7562 7563
7563 7564
7565 7566
7568 7569
7569 7570
7571 7572
7572 7573
7573 7574
7574 7575
7575 7576
7576 7577
7577 7578
7579 7580
7580 7581
7581 7582
7582 7583
7583 7584
7584 7585
7586 7587
7587 7588
7589 7590
7590 7591
7591 7592
7592 7593
7593 7594
7594 7595
7595 7596
7596 7597
7598 7599
7599 7600
7600 7601
7601 7602
7602 7603
7603 7604
7604 7605
7605 7606
7606 7607
7608 7609
7611 7612
7612 7613
7613 7614
7615 7616
7616 7617
7617 7618
7618 7619
7620 7621
7621 7622
7623 7624
7624 7625
7625 7626
7626 7627
7627 7628
7628 7629
7629 7630
7630 7631
7631 7632
7633 7634
7634 7635
7635 7636
7636 7637
7637 7638
7638 7639
7639 7640
7641 7642
7643 7644
7644 7645
7645 7646
7647 7648
7648 7649
7649 7650
7650 7651
7651 7652
7652 7653
7653 7654
7654 7655
7655 7656
7657 7658
7658 7659
7659 7660
7660 7661
7661 7662
7662 7663
7663 7664
7664 7665
7665 7666
7666 7667
7667 7668
7668 7669
7669 7670
7670 7671
7672 7673
7673 7674
7674 7675
7675 7676
7676 7677
7678 7679
7679 7680
7680 7681
7681 7797
7682 7683
7683 7684
7684 7685
7685 7686
7686 7687
7688 7689
7689 7690
7691 7794
7692 7693
7693 7694
7695 7696
7696 7697
7697 7698
7698 7699
7699 7700
7700 7701
7703 7704
7704 7705
7706 7707
7707 7708
7708 7709
7711 7712
7712 7713
7714 7715
7716 7717
7717 7718
7718 7719
7719 7720
7720 7721
7723 7724
7724 7725
7725 7726
7726 7727
7727 7728
7729 7730
7730 7731
7732 7733
7733 7734
7735 7736
7736 7737
7737 7738
7739 7740
7740 7741
7741 7742
7742 7743
7744 7745
7746 7747
7747 7748
7748 7749
7749 7750
7750 7751
7751 7752
7752 7753
7752 7799
7754 7755
7755 7756
7756 7757
7758 7759
7759 7760
7761 7762
7762 7763
7763 7764
7764 7765
7766 7767
7767 7768
7769 7770
7770 7771
7772 7773
7773 7774
7775 7776
7776 7777
7777 7778
7781 7782
7782 7783
7785 7786
7787 7788
7788 7789
7790 7791
7791 7792
7793 7794
7795 7796
7796 7797
7800 7801
7801 7802
7802 7803
7803 7804
7804 7805
7804 26651
7805 7806
7806 7807
7808 7809
7809 7810
7811 7812
7811 24037
7812 7813
7813 7814
7814 7815
7815 7816
7816 7817
7817 7818
7818 7819
7819 7820
7820 7821
7822 7823
7823 7824
7824 7825
7825 7826
7826 7827
7827 7828
7829 7830
7830 7831
7831 7832
7832 7833
7833 7834
7834 7835
7835 7836
7837 7838
7838 7839
7839 7840
7840 7841
7841 7842
7842 7843
7843 7844
7844 7845
7845 7846
7847 7848
7848 7849
7850 7851
7851 7852
7852 7853
7853 7854
7854 7855
7855 7856
7856 7857
7857 7858
7858 7859
7860 7861
7861 7862
7862 7863
7863 7864
7864 7865
7865 7866
7866 7867
7868 7869
7869 7870
7870 7871
7872 7873
7873 7874
7875 7876
7876 7877
7877 7878
7878 7879
7879 7880
7880 7881
7881 7882
7883 7884
7884 7885
7885 7886
7887 7888
7888 7889
7890 7891
7891 7892
7892 7893
7893 7894
7894 7895
7897 7898
7898 7899
7899 7900
7900 7901
7902 7903
7903 7904
7904 7905
7905 7906
7907 7908
7908 7909
7910 7911
7911 7912
7912 7913
7914 7915
7915 7916
7916 7917
7919 7920
7920 7921
7921 7922
7922 7923
7923 7924
7924 7925
7925 7926
7926 7927
7927 7928
7929 7930
7930 7931
7932 7933
7933 7934
7934 7935
7935 7936
7936 7937
7937 7938
7938 7939
7939 7940
7941 7942
7943 7944
7944 7945
7946 7947
7947 7948
7948 7949
7949 7950
7951 7952
7952 7953
7953 7954
7954 7955
7955 7956
7957 7958
7958 7959
7959 7960
7960 7961
7961 7962
7963 7964
7964 7965
7965 7966
7966 7967
7968 7969
7969 7970
7970 7971
7971 7972
7972 7973
7974 7975
7975 7976
7976 7977
7977 7978
7978 7979
7979 7980
7980 7981
7981 7982
7982 7983
7983 7984
7985 7986
7986 7987
7987 7988
7988 7989
7990 7991
7991 7992
7992 7993
7993 7994
7994 7995
7995 7996
7996 7997
7997 7998
7999 8000
8000 8001
8001 8002
8002 8003
8004 8005
8006 8007
8007 8008
8009 8010
8010 8011
8012 8013
8013 8014
8014 8015
8015 8016
8016 8017
8017 8018
8019 8020
8021 8022
8022 8023
8023 8024
8024 8025
8025 8026
8027 8028
8028 8029
8029 8030
8031 8032
8032 8033
8033 8034
8035 8036
8036 8037
8037 8038
8040 8041
8041 8042
8042 8043
8043 8044
8044 8045
8045 8046
8046 8047
8047 8048
8048 8049
8049 8050
8050 8051
8052 8053
8053 8054
8054 8055
8056 8057
8057 8058
8058 8059
8059 8060
8060 8061
8061 8062
8063 8064
8063 24165
8064 8065
8065 8066
8066 8067
8067 8068
8069 8070
8070 8071
8071 8072
8074 8075
8075 8076
8077 8078
8078 8079
8079 8080
8080 8081
8081 8082
8083 8084
8085 8086
8086 8087
8088 8089
8089 8090
8090 8091
8091 8092
8092 8093
8093 8094
8095 8096
8096 8097
8097 8098
8099 8100
8100 8101
8102 8103
8104 8105
8105 8106
8106 8107
8107 8108
8110 8111
8113 8114
8114 8115
8119 8120
8121 8122
8122 8123
8124 8125
8125 8126
8126 8127
8127 8128
8128 8129
8130 8131
8131 8132
8132 8133
8133 8134
8134 8135
8135 8136
8136 8137
8137 8138
8138 8139
8139 8140
8140 8141
8141 8142
8142 8143
8143 8144
8145 8146
8146 8147
8147 8148
8148 8149
8149 23894
8150 8151
8152 8153
8155 8156
8156 8157
8160 8161
8161 8162
8162 8163
8163 8164
8164 8165
8166 8167
8167 8168
8168 8169
8169 8170
8170 8171
8171 8172
8173 8174
8174 8175
8175 8176
8176 8177
8178 8179
8179 8180
8180 8181
8181 8182
8183 8184
8184 8185
8185 8186
8186 8187
8187 8188
8188 8189
8189 8190
8190 8191
8191 8192
8192 8193
8193 8194
8194 8195
8195 8196
8196 8197
8197 8198
8198 8199
8199 8200
8201 8202
8202 8203
8204 8205
8206 8207
8207 8208
8208 8209
8210 8211
8211 8212
8212 8213
8213 8214
8214 8215
8215 8216
8217 8218
8218 8219
8220 8221
8222 8223
8223 8224
8224 8225
8225 8226
8226 8227
8227 8228
8228 8229
8229 8230
8230 8231
8231 8232
8232 8233
8234 8235
8235 8236
8236 8237
8237 8238
8238 8239
8239 8240
8240 8241
8241 8242
8242 8243
8243 8244
8244 8245
8245 8246
8246 8247
8247 8248
8248 8249
8249 8250
8250 8251
8251 8252
8252 8253
8254 8255
8255 8256
8256 8257
8259 8260
8260 8261
8261 8262
8262 8263
8263 8264
8265 8266
8266 8267
8267 8268
8268 8269
8270 8271
8271 8272
8272 8273
8273 8274
8274 8275
8275 8276
8276 8277
8277 8278
8278 8279
8279 8280
8280 8281
8281 8282
8283 8284
8284 8285
8285 8286
8286 8287
8287 8288
8288 8289
8289 8290
8290 8291
8291 8292
8292 8293
8293 8294
8295 8296
8296 8297
8297 8298
8298 8299
8299 8300
8300 8301
8301 8302
8302 8303
8303 8304
8304 8305
8305 8306
8306 8307
8307 8308
8309 8310
8311 8312
8312 8313
8313 8314
8314 8315
8315 8316
8316 8317
8317 8318
8319 8320
8320 8321
8321 8322
8322 8323
8323 8324
8324 8325
8325 8326
8326 8327
8327 8328
8329 8330
8330 8331
8331 8332
8332 8333
8333 8334
8334 8335
8335 8336
8336 8337
8337 8338
8338 8339
8339 8340
8341 8342
8342 8343
8343 8344
8344 8345
8345 8346
8346 8347
8347 8348
8348 8349
8349 8350
8350 8351
8351 8352
8352 8353
8353 8354
8354 8355
8355 8356
8356 8357
8357 8358
8358 8359
8360 8361
8362 8363
8363 8364
8364 8365
8365 8366
8366 8367
8367 8368
8369 8370
8370 8371
8371 8372
8372 8373
8377 8378
8378 8379
8380 8381
8381 8382
8383 8384
8384 8385
8386 8387
8388 8389
8390 8391
8392 8393
8393 8394
8394 8395
8395 8396
8397 8398
8398 8399
8399 8400
8400 8401
8402 8403
8403 8404
8405 8406
8407 8408
8409 8410
8410 8411
8412 8413
8414 8415
8415 8416
8416 8417
8418 8419
8419 8420
8420 8421
8421 8422
8422 8423
8423 8424
8424 8425
8425 8426
8426 8427
8428 8429
8429 8430
8431 8432
8433 8434
8436 8437
8437 8438
8438 8439
8439 8440
8440 8441
8441 8442
8442 8443
8443 8444
8444 8445
8445 8446
8446 8447
8447 8448
8449 8450
8451 8452
8452 8453
8454 8455
8455 8456
8456 8457
8458 8459
8459 8460
8460 8461
8461 8462
8462 8463
8463 8464
8464 8465
8465 8466
8467 8468
8468 8469
8469 8470
8470 8471
8471 8472
8473 8474
8475 8476
8476 8477
8477 8478
8478 8479
8479 8480
8480 8481
8481 8482
8482 8483
8484 8485
8485 8486
8486 8487
8487 8488
8489 8490
8490 8491
8491 8492
8492 8493
8494 8495
8495 8496
8496 8497
8497 8498
8498 8499
8499 8500
8500 8501
8501 8502
8502 8503
8504 8505
8505 8506
8506 8507
8507 8508
8508 8509
8511 8512
8512 8513
8513 8514
8514 8515
8517 8518
8518 8519
8519 8520
8521 8522
8523 8524
8526 8527
8527 8528
8528 8529
8529 8530
8530 8531
8531 8532
8533 8534
8534 8535
8535 8536
8537 8538
8538 8539
8539 8540
8540 8541
8541 8542
8542 8543
8543 8544
8545 8546
8546 8547
8547 8548
8548 8549
8549 8550
8550 8551
8553 8554
8554 8555
8555 8556
8556 8557
8557 8558
8558 8559
8560 8561
8561 8562
8562 8563
8563 8564
8565 8566
8566 8567
8567 8568
8569 8570
8570 8571
8571 8572
8572 8573
8573 8574
8574 8575
8575 8576
8576 8577
8577 8578
8578 8579
8580 8581
8581 8582
8582 8583
8583 8584
8584 8585
8585 8586
8586 8587
8588 8589
8589 8590
8590 8591
8591 8592
8592 8593
8593 8594
8594 8595
8595 8596
8596 8597
8597 8598
8599 8600
8600 8601
8601 8602
8602 8603
8604 8605
8605 8606
8606 8607
8607 8608
8608 8609
8609 8610
8610 8611
8611 8612
8612 8613
8613 8614
8615 8616
8616 8617
8617 8618
8619 8620
8620 8621
8621 8622
8623 8624
8624 8625
8626 8627
8628 8629
8629 8630
8631 8632
8632 8633
8633 8634
8635 8636
8636 8637
8638 8639
8640 8641
8641 8642
8642 8643
8644 8645
8645 8646
8646 8647
8647 8648
8648 8649
8649 8650
8650 8651
8652 8653
8653 8654
8655 8656
8656 8657
8658 8659
8659 8660
8660 8661
8662 8663
8663 8664
8666 8667
8667 8668
8668 8669
8669 8670
8670 8671
8671 8672
8672 8673
8674 8675
8675 8676
8676 8677
8677 8678
8678 8679
8679 8680
8681 8682
8682 8683
8683 8684
8685 8686
8686 8687
8687 8688
8688 8689
8689 8690
8691 8692
8692 8693
8693 8694
8694 8695
8695 8696
8696 8697
8697 8698
8698 8699
8699 8700
8701 8702
8702 8703
8704 8705
8705 8706
8707 8708
8709 8710
8710 8711
8711 8712
8713 8714
8716 8717
8717 8718
8718 8719
8720 8721
8721 8722
8723 8724
8724 8725
8725 8726
8727 8728
8730 8731
8732 8733
8734 8735
8735 8736
8736 8737
8738 8739
8739 8740
8740 8741
8741 8742
8742 8743
8743 8744
8744 8745
8745 8746
8747 8748
8748 8749
8749 8750
8751 8752
8752 8753
8754 8755
8755 8756
8756 8757
8758 8759
8759 8760
8761 8762
8762 8763
8763 8764
8765 8766
8766 8767
8767 8768
8768 8769
8769 8770
8770 8771
8772 8773
8774 8775
8775 8776
8776 8777
8777 8778
8778 8779
8779 8780
8780 8781
8781 8782
8783 8784
8784 8785
8785 8786
8787 8788
8788 8789
8789 8790
8791 8792
8793 8794
8794 8795
8795 8796
8796 8797
8797 8798
8799 8800
8800 8801
8801 8802
8802 8803
8803 8804
8804 8805
8806 8807
8807 8808
8808 8809
8809 8810
8810 8811
8812 8813
8813 8814
8814 8815
8815 8816
8816 8817
8817 8818
8818 8819
8819 8820
8820 8821
8821 8822
8822 8823
8823 8824
8825 8826
8826 8827
8827 8828
8828 8829
8829 8830
8830 8831
8831 8832
8833 8834
8834 8835
8837 8838
8838 8839
8839 8840
8840 8841
8841 8842
8842 8843
8843 8844
8844 8845
8845 8846
8847 23420
8847 23729
8848 8849
8849 8850
8850 8851
8851 8852
8852 8853
8853 8854
8855 8856
8856 8857
8857 8858
8858 8859
8859 8860
8860 8861
8861 8862
8862 8863
8863 8864
8864 8865
8865 8866
8866 8867
8867 8868
8868 8869
8869 8870
8871 8872
8872 8873
8873 8874
8874 8875
8875 8876
8876 8877
8877 8878
8878 8879
8881 8882
8883 8884
8885 8886
8886 8887
8887 8888
8888 8889
8889 8890
8890 8891
8891 8892
8892 8893
8893 8894
8894 8895
8895 8896
8896 8897
8897 8898
8898 8899
8900 8901
8901 8902
8902 8903
8903 8904
8905 8906
8906 8907
8907 8908
8908 8909
8910 8911
8911 8912
8913 8914
8914 8915
8915 8916
8916 8917
8917 8918
8919 8920
8920 8921
8921 8922
8922 8923
8923 8924
8924 8925
8925 8926
8927 8928
8928 8929
8929 8930
8930 8931
8931 8932
8932 8933
8933 8934
8935 8936
8936 8937
8937 8938
8939 8940
8940 8941
8942 8943
8943 8944
8944 8945
8946 8947
8947 8948
8949 8950
8950 8951
8951 8952
8952 8953
8953 8954
8954 8955
8955 8956
8956 8957
8957 8958
8958 8959
8960 8961
8961 8962
8962 8963
8963 8964
8965 8966
8966 8967
8967 8968
8969 8970
8970 8971
8971 8972
8972 8973
8974 8975
8975 8976
8977 8978
8978 8979
8979 8980
8981 8982
8982 8983
8984 8985
8985 8986
8986 8987
8987 8988
8988 8989
8989 8990
8990 8991
8991 26948
8991 13481
8992 8993
8993 8994
8994 8995
8995 8996
8996 8997
8997 8998
8998 8999
8999 9000
9000 9001
9002 9003
9004 9005
9005 9006
9007 9008
9008 9009
9011 9012
9012 9013
9013 9014
9015 9016
9016 9017
9017 9018
9019 9020
9020 9021
9021 9022
9022 9023
9024 9025
9025 9026
9026 9027
9028 9029
9030 9031
9032 9033
9034 9035
9035 9036
9036 9037
9037 9038
9039 9040
9041 9042
9042 9043
9044 9045
9047 9048
9048 9049
9050 9051
9051 9052
9052 9053
9053 9054
9054 9055
9055 9056
9056 9057
9057 9058
9058 9059
9061 9062
9062 9063
9064 9065
9066 9067
9068 9069
9069 9070
9072 9073
9073 9074
9074 9075
9076 9077
9077 9078
9078 9079
9079 9080
9081 9082
9086 9087
9088 9089
9089 9090
9090 9091
9091 9092
9092 9093
9093 9094
9094 9095
9095 9096
9096 9097
9097 9098
9098 9099
9102 9103
9103 9104
9104 9105
9105 9106
9106 9107
9107 9108
9109 9110
9110 9111
9111 9112
9112 9113
9114 9115
9115 9116
9116 9117
9117 9118
9118 9119
9119 9120
9121 9122
9122 9123
9123 9124
9124 9125
9125 9126
9126 9127
9127 9128
9128 9129
9129 9130
9130 9131
9132 9133
9133 9134
9135 9136
9136 9137
9137 9138
9138 9139
9139 9140
9140 9141
9141 9142
9142 9143
9144 9145
9145 9146
9146 9147
9147 9148
9148 9149
9149 9150
9150 9151
9151 9152
9152 9153
9153 9154
9156 9157
9157 9158
9158 9159
9159 9160
9160 9161
9161 9162
9163 9164
9164 9165
9165 9166
9166 9167
9167 9168
9168 9169
9169 9170
9170 9171
9171 9172
9172 9173
9173 9174
9174 9175
9175 9176
9176 9177
9177 9178
9178 9179
9179 9180
9180 9181
9181 9182
9182 9183
9183 9184
9184 9185
9185 9186
9186 9187
9187 9188
9188 9658
9189 9190
9190 9191
9191 9192
9194 9195
9195 9196
9196 9197
9197 9198
9198 9199
9199 9200
9200 9201
9202 9203
9203 9204
9205 9206
9206 9207
9207 9208
9209 9210
9210 9211
9211 9212
9212 9213
9213 9214
9214 9215
9215 9216
9216 9217
9217 9218
9218 9219
9219 9220
9220 9221
9221 9222
9223 9224
9225 9226
9226 9227
9227 9228
9228 9229
9229 9230
9230 9231
9231 9232
9232 9233
9234 9235
9235 9236
9236 9237
9237 9238
9238 9239
9239 9240
9240 9241
9241 9242
9242 9243
9243 9244
9245 9246
9246 9247
9247 9248
9248 9249
9249 9250
9250 9251
9251 9252
9252 9253
9254 9255
9255 9256
9256 9257
9259 9260
9260 9261
9261 9262
9262 9263
9263 9264
9264 9265
9265 9266
9266 9267
9267 9268
9268 9269
9270 9271
9271 9272
9272 9273
9273 9274
9274 9275
9275 9276
9276 9277
9277 9278
9278 9279
9279 9280
9280 9281
9281 9282
9282 9283
9283 9284
9285 9286
9286 9287
9287 9288
9289 9290
9290 9291
9292 9293
9293 9294
9294 9295
9295 9296
9296 9297
9298 9299
9299 9300
9300 9301
9301 9302
9302 9303
9303 9304
9304 9305
9305 9306
9307 9308
9308 9309
9309 9310
9310 9311
9312 9313
9313 9314
9314 9315
9315 9316
9316 9317
9317 9318
9318 9319
9319 9320
9320 9321
9321 9322
9322 9323
9323 9324
9324 9325
9325 9326
9326 9327
9327 9328
9329 9330
9330 9331
9331 9332
9333 9334
9335 9336
9336 9337
9337 9338
9338 9339
9340 9341
9341 9342
9342 9343
9344 9345
9346 9347
9347 9348
9349 9350
9350 9351
9351 9352
9352 9353
9353 9354
9354 9355
9355 9356
9356 9357
9357 9358
9359 9360
9360 9361
9361 9362
9362 9363
9363 9364
9364 9365
9366 9367
9367 9368
9368 9369
9369 9370
9370 9371
9371 9372
9372 9373
9373 9374
9374 9375
9375 9376
9377 9381
9378 9379
9378 13810
9379 9380
9380 9381
9381 9382
9382 9383
9383 9384
9384 9385
9385 9386
9386 9387
9389 9390
9390 9391
9391 9392
9392 9393
9394 9395
9396 9397
9397 9398
9398 9399
9399 9400
9400 9401
9401 9402
9402 9403
9403 9404
9406 9407
9407 9408
9408 9409
9410 9411
9411 9412
9413 9414
9414 9415
9416 9417
9417 9418
9418 9419
9422 9423
9423 9424
9424 9425
9425 9426
9426 9427
9427 9428
9428 9429
9429 9430
9430 9431
9431 9432
9432 9433
9434 9435
9435 9436
9437 9438
9438 9439
9439 9440
9440 9441
9441 9442
9442 9443
9444 9445
9445 9446
9446 9447
9447 9448
9449 9450
9450 9451
9451 9452
9452 9453
9453 9454
9454 9455
9455 9456
9456 9457
9457 9473
9458 9459
9459 9460
9460 9461
9461 9462
9463 9464
9464 9465
9465 9466
9467 9468
9468 9469
9469 9470
9470 9471
9471 9472
9474 9475
9475 9476
9476 9477
9477 9478
9478 9479
9479 9480
9480 9481
9481 9482
9483 9484
9484 9485
9485 9486
9487 9488
9488 9489
9489 9490
9490 9491
9491 9492
9492 9493
9493 9494
9494 9495
9495 9496
9496 9497
9497 9498
9498 9499
9499 9500
9500 9501
9502 9503
9503 9504
9504 9505
9505 9506
9507 9508
9508 9509
9509 9510
9510 9511
9511 9512
9513 9514
9514 9515
9516 9517
9517 9518
9518 9519
9520 9521
9521 9522
9522 9523
9523 9524
9524 9525
9525 9526
9526 9527
9527 9528
9528 9529
9529 9530
9530 9531
9533 9534
9534 9535
9535 9536
9537 9538
9538 9539
9539 9540
9540 9541
9541 9542
9542 9543
9544 9545
9545 9546
9547 9548
9548 9549
9549 9550
9551 9552
9552 9553
9553 9554
9554 9555
9555 9556
9556 9557
9557 9558
9558 9559
9560 9561
9562 9563
9563 9564
9564 9565
9565 9566
9566 9567
9567 9568
9568 9569
9570 9571
9571 9572
9572 9573
9573 9574
9575 9576
9576 9577
9577 9578
9578 9579
9580 9581
9581 9582
9582 9583
9583 9584
9584 9585
9585 9586
9587 9588
9588 9589
9589 9590
9590 9591
9591 9592
9592 9593
9593 9594
9594 9595
9596 9597
9597 9598
9598 9599
9599 9600
9600 9601
9601 9602
9602 9603
9604 9605
9605 9606
9606 9607
9607 9608
9608 9609
9609 9610
9611 9612
9612 9613
9613 9614
9614 9615
9615 9616
9616 9617
9617 9618
9618 9619
9619 9620
9621 9622
9622 9623
9623 9624
9624 9625
9625 9626
9626 9627
9627 9628
9628 9629
9629 9630
9630 9631
9631 9632
9632 9633
9633 9634
9634 9635
9636 9637
9637 9638
9639 9640
9641 9642
9642 9697
9643 9644
9644 9645
9645 9646
9646 9647
9647 9648
9648 9649
9650 9651
9651 9652
9652 9653
9654 9655
9655 9656
9656 9657
9657 9658
9659 9660
9660 9661
9661 9662
9663 9664
9664 9665
9665 9666
9666 9667
9667 9668
9668 9669
9669 9670
9670 9671
9671 9672
9672 9673
9673 9674
9674 9675
9675 9676
9677 9678
9679 9680
9681 9682
9683 9684
9684 9685
9686 9687
9687 9688
9688 9689
9690 9691
9691 9692
9693 9694
9694 9695
9696 9697
9698 9699
9699 9700
9700 9701
9701 9702
9702 9703
9704 9705
9705 9706
9706 9707
9707 9708
9708 9709
9710 9711
9712 9713
9713 9714
9715 9716
9716 9717
9717 9718
9719 9720
9720 9721
9721 9722
9723 9724
9724 9725
9725 9726
9727 9728
9728 9729
9730 9731
9731 9732
9732 9733
9733 9734
9734 9735
9735 9736
9736 9737
9738 9739
9740 9741
9742 9743
9746 9747
9747 9748
9750 9751
9751 9752
9752 9753
9754 9755
9755 9756
9756 9757
9757 9758
9759 9760
9760 9761
9761 9762
9762 9763
9764 9765
9765 9766
9766 9767
9767 9768
9768 9769
9769 9770
9771 9772
9773 9774
9774 9775
9775 9776
9776 9777
9777 9778
9778 9779
9779 9780
9780 9781
9781 9782
9782 9783
9783 9784
9784 9785
9785 9786
9786 9787
9787 9788
9788 9789
9789 9790
9791 9792
9792 9793
9793 9794
9794 9795
9795 9796
9796 9797
9797 9798
9798 9799
9799 9800
9800 9801
9802 9803
9803 9804
9804 9805
9806 9807
9807 9808
9808 9809
9809 9810
9811 9812
9813 9814
9814 9815
9816 9817
9818 9819
9819 9820
9820 9821
9821 9822
9822 9823
9823 9824
9824 9825
9825 9826
9826 9827
9827 9828
9828 9829
9829 9830
9830 9831
9832 9833
9833 9834
9834 9835
9835 9836
9836 9837
9838 9839
9839 9840
9840 9841
9841 9842
9842 9843
9844 9845
9845 9846
9846 9847
9848 9849
9849 9850
9850 9851
9852 9853
9853 9854
9854 9855
9855 9856
9857 9858
9858 9859
9859 9860
9860 9861
9862 9863
9863 9864
9864 9865
9865 9866
9866 9867
9867 9868
9868 9869
9870 9871
9871 9872
9872 9873
9873 9874
9875 9876
9876 9877
9878 9879
9879 9880
9880 9881
9882 9883
9883 9884
9884 9885
9885 9886
9886 9887
9887 9888
9890 9891
9891 9892
9894 9895
9895 9896
9896 9897
9897 9898
9898 9899
9899 9900
9900 9901
9901 9902
9903 9904
9904 9905
9905 9906
9906 9907
9908 9909
9909 9910
9911 9912
9912 9913
9914 9915
9915 9916
9916 9917
9917 9918
9918 9919
9920 9921
9921 9922
9922 9923
9923 9924
9924 9925
9925 9926
9926 9927
9927 9928
9929 9930
9930 9931
9932 9933
9934 9935
9935 9936
9936 9937
9937 9938
9938 9939
9939 9940
9941 9942
9942 9943
9943 9944
9945 9946
9946 9947
9948 9949
9949 9950
9950 9951
9951 9952
9953 9954
9954 9955
9955 9956
9956 9957
9957 9958
9959 9960
9960 9961
9961 9962
9962 9963
9963 9964
9964 9965
9965 9966
9966 9967
9967 9968
9968 9969
9970 9971
9971 9972
9972 9973
9973 9974
9975 9976
9976 9977
9977 9978
9979 9980
9981 9982
9982 9983
9983 9984
9985 9986
9986 9987
9987 9988
9988 9989
9990 9991
9991 9992
9992 9993
9994 9995
9996 9997
9997 9998
9998 9999
9999 10000
10001 10002
10003 10004
10004 10005
10005 10006
10006 10007
10007 10008
10008 10009
10010 10011
10012 10013
10013 10014
10014 10015
10015 10016
10017 10018
10018 10019
10019 10020
10020 10021
10022 10023
10023 10024
10025 10026
10026 10027
10027 10028
10029 10030
10030 10031
10031 10032
10032 10033
10033 10034
10035 10036
10036 10037
10038 10039
10040 10041
10042 10043
10043 10044
10044 10045
10045 10046
10046 10047
10047 10048
10048 10049
10049 10050
10050 10051
10051 10052
10053 10054
10055 10056
10056 10057
10058 10059
10059 10060
10060 10061
10061 10062
10062 10063
10063 10064
10064 10065
10065 10066
10066 10067
10068 10069
10070 10071
10071 10072
10072 10073
10073 10074
10074 10075
10075 10076
10077 10078
10078 10079
10079 10080
10081 10082
10082 10083
10083 10084
10084 10085
10085 10086
10090 10091
10091 10092
10092 10093
10094 10095
10095 10096
10098 10099
10100 10101
10101 10102
10103 10104
10104 10105
10107 10108
10108 10109
10109 10110
10110 10111
10113 10114
10115 10116
10118 10119
10122 10123
10123 10124
10125 10126
10126 10127
10127 10128
10128 10129
10129 10130
10130 10131
10132 10133
10133 10134
10136 10137
10137 10138
10138 10139
10139 10140
10140 10141
10142 10143
10143 10144
10144 10145
10145 10146
10146 10147
10148 10149
10149 10150
10150 10151
10151 10152
10152 10153
10153 10154
10154 10155
10155 10156
10157 10158
10158 10159
10159 10160
10160 10161
10162 10163
10163 10164
10164 10165
10165 10166
10166 10167
10167 10168
10168 10169
10169 10170
10171 10172
10172 10173
10173 10174
10174 10175
10176 10177
10177 10178
10178 10179
10179 10180
10180 10181
10181 10182
10182 10183
10183 10184
10184 10185
10185 10186
10187 10188
10188 10189
10189 10190
10190 10191
10191 10192
10193 10194
10195 10196
10196 10197
10197 10198
10198 10199
10199 10200
10200 10201
10201 10202
10203 10204
10204 10205
10205 10206
10207 10208
10208 10209
10209 10210
10210 10211
10211 10212
10213 10214
10214 10215
10215 10216
10216 10217
10217 10218
10218 10219
10219 10220
10220 10221
10222 10223
10223 10224
10224 10225
10225 10226
10226 10227
10227 10228
10228 10229
10229 10230
10230 10231
10231 10232
10232 10233
10233 10234
10234 10235
10235 10236
10236 10237
10237 10238
10239 10240
10240 10241
10242 10243
10243 10244
10244 10245
10245 10246
10246 10247
10247 10248
10248 10249
10249 10250
10250 10251
10251 10252
10253 10254
10254 10255
10255 10256
10256 10257
10257 10258
10259 10260
10260 10261
10262 10263
10263 10264
10264 10265
10265 10266
10266 10267
10267 10268
10269 10270
10270 10271
10271 10272
10273 10274
10274 10275
10275 10276
10276 10277
10277 10278
10279 10280
10280 10281
10281 10282
10282 10283
10284 10285
10285 10286
10286 10287
10287 10288
10288 10289
10289 10290
10290 10291
10291 10292
10293 10294
10294 10295
10295 10296
10297 10298
10298 10299
10299 10300
10300 10301
10301 10302
10303 10304
10304 10305
10305 10306
10308 10309
10309 10310
10310 10311
10311 10312
10312 10313
10313 10314
10314 10315
10315 10316
10316 10317
10317 10318
10318 10319
10320 10321
10321 10322
10322 10323
10323 10324
10324 10325
10325 10326
10326 10327
10327 10328
10328 10329
10329 10330
10331 10332
10332 10333
10333 10334
10334 10335
10335 10336
10336 10337
10337 10338
10338 10339
10339 10340
10340 10341
10342 10343
10343 10344
10344 10345
10345 10346
10346 10347
10347 10348
10348 10349
10349 10350
10350 10351
10351 10352
10352 10353
10353 10354
10354 10355
10355 10356
10356 10357
10358 10359
10359 10360
10360 10361
10361 10362
10363 10364
10364 10365
10365 10366
10366 10367
10367 10368
10369 10370
10370 10371
10371 10372
10372 10373
10373 10374
10374 10375
10375 10376
10376 10377
10377 10378
10378 10379
10379 10380
10380 10381
10381 10382
10383 10384
10384 10385
10385 10386
10386 10387
10387 10388
10388 10389
10389 10390
10390 10391
10392 10393
10393 10394
10394 10395
10395 10396
10396 10397
10397 10398
10398 10399
10399 10400
10400 10401
10401 10402
10402 10403
10403 10404
10404 10405
10405 10406
10406 10407
10408 10409
10410 10411
10411 10412
10412 10413
10413 10414
10414 10415
10415 10416
10417 10418
10418 10419
10419 10420
10420 10421
10421 10422
10422 10423
10423 10424
10424 10425
10426 10427
10427 10428
10428 10429
10429 10430
10430 10431
10431 10432
10433 10434
10435 10436
10436 10437
10437 10438
10438 10439
10439 10440
10440 10441
10442 10443
10443 10444
10444 10445
10445 10446
10446 10447
10447 10448
10448 10449
10449 10450
10450 10451
10451 10452
10452 10453
10453 10454
10454 10455
10456 10457
10457 10458
10458 10459
10460 10461
10461 10462
10463 10464
10465 10466
10466 10467
10467 10468
10468 10469
10469 10470
10471 10472
10472 10473
10473 10474
10474 10475
10476 10477
10477 10478
10478 10479
10479 10480
10480 10481
10481 10482
10482 10483
10483 10484
10484 10485
10486 10487
10487 10488
10489 10490
10490 10491
10491 10492
10493 10494
10494 10495
10495 10496
10497 10498
10499 10500
10500 10501
10502 10503
10503 10504
10506 10507
10507 10508
10509 10510
10510 10511
10511 10512
10513 10514
10514 10515
10515 10516
10516 10517
10517 10518
10518 10519
10519 10520
10520 10521
10521 10522
10523 10524
10524 10525
10525 10526
10526 10527
10528 10529
10529 10530
10530 10531
10532 10533
10533 10534
10534 10535
10535 10536
10536 10537
10537 21691
10538 10539
10539 10540
10540 10541
10541 10542
10542 10543
10543 10544
10544 10545
10545 10546
10548 10549
10549 10550
10550 10551
10551 10552
10552 10553
10555 10556
10556 10557
10557 10558
10559 10560
10560 10561
10561 10562
10562 10563
10563 10564
10564 10565
10565 10566
10566 10567
10567 10568
10568 10569
10569 10570
10570 10571
10571 10572
10572 10573
10573 10574
10574 10575
10575 10576
10576 10577
10577 10578
10579 10580
10580 10581
10581 10582
10582 10583
10583 10584
10585 10586
10586 10587
10587 10588
10588 10589
10590 10591
10592 10593
10594 10595
10595 10596
10596 10597
10597 10598
10598 10599
10599 10600
10600 10601
10601 10602
10602 10603
10603 10604
10604 10605
10605 10606
10606 10607
10607 10608
10608 10609
10609 10610
10610 10611
10611 10612
10612 10613
10613 10614
10614 10615
10615 10616
10616 10617
10617 10618
10618 10619
10619 10620
10620 10621
10622 10623
10623 10624
10625 10626
10626 10627
10627 10628
10628 10629
10629 10630
10631 10632
10633 10634
10635 10636
10637 10638
10638 10639
10639 10640
10640 10641
10644 10645
10644 22774
10644 23004
10645 10646
10646 10647
10648 10649
10649 10650
10651 10652
10653 10654
10654 10655
10655 10656
10657 10658
10658 10659
10660 10661
10661 10662
10662 10663
10663 10664
10664 10665
10665 10666
10666 10667
10667 10668
10668 10669
10669 11130
10670 10671
10671 10672
10672 10673
10674 10675
10675 10676
10676 10677
10678 10679
10680 10681
10681 10682
10682 10683
10683 23547
10684 10685
10685 10686
10686 10687
10687 10688
10689 10690
10690 10691
10691 10692
10692 10693
10693 10694
10694 10695
10695 10696
10696 10697
10698 10699
10699 10700
10701 10702
10702 10703
10703 10704
10704 10705
10705 10706
10706 10707
10707 10708
10708 10709
10709 10710
10710 10711
10711 10712
10712 10713
10714 10715
10715 10716
10716 10717
10718 10719
10719 10720
10720 10721
10721 10722
10722 10723
10723 10724
10725 10726
10725 12078
10726 10727
10727 10728
10729 10730
10730 10731
10731 10732
10732 10733
10733 10734
10734 10735
10736 10737
10738 10739
10739 10740
10741 10742
10742 10743
10744 10745
10745 10746
10747 10748
10748 10749
10749 10750
10750 10751
10751 10752
10752 10753
10754 10755
10755 10756
10756 10757
10757 10758
10758 10759
10759 10760
10760 24271
10761 10762
10762 10763
10763 10764
10764 10765
10765 10766
10766 10767
10767 10768
10768 10769
10769 10770
10770 10771
10772 10773
10773 10774
10774 10775
10775 10776
10776 10777
10777 10778
10778 10779
10781 10782
10782 10783
10783 10784
10784 10785
10785 10786
10786 10787
10787 10788
10788 10789
10789 10790
10790 10791
10791 10792
10792 10793
10793 10794
10795 10796
10796 10797
10797 10798
10798 10799
10799 10800
10800 10801
10801 10802
10802 10803
10803 10804
10804 10805
10805 10806
10806 10807
10808 10809
10809 10810
10811 10812
10812 10813
10813 10814
10815 10816
10816 10817
10817 10818
10818 10819
10819 10820
10821 10822
10822 10823
10823 10824
10824 10825
10826 10827
10828 10829
10830 10831
10831 10832
10832 10833
10834 10835
10835 10836
10836 10837
10837 10838
10838 10839
10839 10840
10840 10841
10841 10842
10842 10843
10844 10845
10846 10847
10847 10848
10848 10849
10850 10851
10851 10852
10852 10853
10853 10854
10854 10855
10855 10856
10856 10857
10857 10858
10859 10860
10860 10861
10862 10863
10863 10864
10864 10865
10865 10866
10866 10867
10867 10868
10868 10869
10870 10871
10871 10872
10872 10873
10873 10874
10874 10875
10875 10876
10876 10877
10877 10878
10878 10879
10880 10881
10881 10882
10882 10883
10883 10884
10884 10885
10885 10886
10886 10887
10888 10889
10889 10890
10890 10891
10891 10892
10892 10893
10895 10896
10896 10897
10897 10898
10898 10899
10899 10900
10900 10901
10902 10903
10903 10904
10904 10905
10905 10906
10906 10907
10908 10909
10909 10910
10910 10911
10911 10912
10912 10913
10913 10914
10915 10916
10916 10917
10917 10918
10918 10919
10920 10921
10921 10922
10922 23432
10923 10924
10924 10925
10926 10927
10927 10928
10928 10929
10930 10931
10931 10932
10932 10933
10933 10934
10934 10935
10935 10936
10937 10938
10938 10939
10939 10940
10940 11132
10941 10942
10942 10943
10943 10944
10944 10945
10945 10946
10946 10947
10947 10948
10948 10949
10949 10950
10950 10951
10951 10952
10952 10953
10953 10954
10955 10956
10956 10957
10957 10958
10958 10959
10959 10960
10960 10961
10962 10963
10963 10964
10964 10965
10965 10966
10966 10967
10967 10968
10968 10969
10969 10970
10970 10971
10971 10972
10972 10973
10974 10975
10975 10976
10976 10977
10977 10978
10978 10979
10979 10980
10981 10982
10982 10983
10984 10985
10986 10987
10988 10989
10989 10990
10990 10991
10991 10992
10993 10994
10994 10995
10995 10996
10996 10997
10998 10999
10999 11000
11000 11001
11002 11003
11004 11005
11005 11006
11006 11007
11008 11009
11009 11010
11010 11011
11012 11013
11013 11014
11015 11016
11016 11017
11017 11018
11018 11019
11019 11020
11021 11022
11022 11023
11023 11024
11025 11026
11026 11027
11028 11029
11029 11030
11030 11031
11031 11032
11032 11033
11033 11034
11034 11035
11035 11036
11037 11038
11038 11039
11039 11040
11040 11041
11042 11043
11045 11046
11046 11047
11048 11049
11049 11050
11050 11051
11052 11053
11053 11054
11054 11055
11056 11057
11057 11058
11059 11060
11060 11061
11062 11063
11064 11065
11065 11066
11066 11067
11067 11068
11068 11069
11070 11071
11071 11072
11072 11073
11073 11074
11074 11075
11076 11077
11078 11079
11078 24404
11079 11080
11080 11081
11080 24424
11082 11083
11083 11084
11084 11085
11085 22792
11085 11129
11086 11087
11087 11088
11088 11089
11089 11090
11090 11091
11091 11092
11092 11093
11093 11094
11095 11096
11096 11097
11098 11099
11099 11100
11103 11104
11105 11106
11106 11107
11107 11108
11108 11109
11110 11111
11111 11112
11112 11113
11113 11114
11116 11117
11118 11119
11119 11120
11121 11122
11122 11123
11123 11124
11124 11125
11125 11126
11126 11127
11127 11128
11128 11129
11130 11131
11131 11132
11133 11134
11135 11136
11136 11137
11140 11141
11141 11142
11143 11144
11144 11145
11145 11146
11146 11147
11147 11148
11148 11149
11149 11150
11150 11151
11154 11155
11155 11156
11156 11157
11158 11159
11159 11160
11166 11167
11167 11168
11168 11169
11169 11170
11170 11171
11171 11172
11172 11173
11173 11174
11175 11176
11177 11178
11178 11179
11179 11180
11180 11181
11182 11183
11183 11184
11184 11185
11185 11186
11186 11187
11188 11189
11189 11190
11190 11191
11191 11192
11192 22259
11193 11194
11195 11196
11196 11197
11198 11199
11199 11200
11200 11201
11201 11202
11203 11204
11204 11205
11205 11206
11206 11207
11207 11208
11208 11209
11209 11210
11210 11211
11211 11212
11213 11214
11214 11215
11215 11216
11216 11217
11218 11219
11219 11220
11221 11222
11222 11223
11223 11224
11224 22259
11225 11226
11226 11227
11227 11228
11228 11229
11230 11231
11231 11232
11232 11233
11233 11234
11235 11236
11236 11237
11237 11238
11238 11239
11239 11240
11240 11241
11242 11243
11243 11244
11245 11246
11246 11247
11247 11248
11248 11249
11249 11250
11250 11251
11251 11252
11252 11253
11253 11254
11254 11255
11255 11256
11256 11257
11257 11258
11259 11260
11260 11261
11261 11262
11263 11264
11264 11265
11265 11266
11266 11267
11267 11268
11268 11269
11269 11270
11271 11272
11272 11273
11273 11274
11274 11275
11275 11276
11276 11277
11277 11278
11278 11279
11280 11281
11281 11282
11282 11283
11283 11284
11284 11285
11285 11286
11287 11288
11288 11289
11289 11290
11290 11291
11291 11292
11292 11293
11294 11295
11295 11296
11296 11297
11298 11299
11299 11300
11300 11301
11301 11302
11302 11303
11303 11304
11304 11305
11305 11306
11306 11307
11308 11309
11309 11310
11310 11311
11311 11312
11313 11314
11314 11315
11315 11316
11316 11317
11317 11318
11318 11319
11320 11321
11321 11322
11322 11323
11324 11325
11325 11326
11326 11327
11327 11328
11328 11329
11330 11331
11331 11332
11332 11333
11334 11335
11335 11336
11336 11337
11337 11338
11338 11339
11339 11340
11340 11341
11342 11343
11343 11344
11344 11345
11345 11346
11346 11347
11348 11349
11349 11350
11350 11351
11351 11352
11353 11354
11354 11355
11355 11356
11357 11358
11358 11359
11359 11360
11360 11361
11361 11362
11362 11363
11363 11364
11365 11366
11366 11367
11367 11368
11369 11370
11370 11371
11371 11372
11372 11373
11373 11374
11374 11375
11376 11377
11377 11378
11378 11379
11379 11380
11380 11381
11382 11383
11383 11384
11385 11386
11386 11387
11388 11389
11389 11390
11390 11391
11391 11392
11392 26187
11392 23155
11393 11394
11394 11395
11395 11396
11397 11398
11399 11400
11400 11401
11402 11403
11403 11404
11404 11405
11405 11406
11407 11408
11408 11409
11410 11411
11411 11412
11413 11414
11414 11415
11415 11416
11417 11418
11418 11419
11420 11421
11421 11422
11422 11423
11423 23551
11423 27052
11424 11425
11425 11426
11426 11427
11427 11428
11428 11429
11429 11430
11430 11431
11432 11433
11433 11434
11436 11437
11437 11438
11438 11439
11441 11442
11442 11443
11443 11444
11445 11446
11445 26223
11447 11448
11448 11449
11449 11450
11450 11451
11451 11452
11452 11453
11453 27093
11454 11455
11455 11456
11456 11457
11457 11458
11459 11460
11460 11461
11462 11463
11463 11464
11464 11465
11465 11466
11466 11467
11467 11468
11468 11469
11469 11470
11470 11471
11471 11472
11472 11473
11473 11474
11474 11475
11476 11477
11478 11479
11480 11481
11481 11482
11482 11483
11483 11484
11484 11485
11487 11488
11488 11489
11489 11490
11492 11493
11493 11494
11494 11495
11496 11497
11497 11498
11498 11499
11499 11500
11501 11502
11502 11503
11503 11504
11504 11505
11506 11507
11507 11508
11508 11509
11509 11510
11510 11511
11512 11513
11513 11514
11515 11516
11516 11517
11517 11518
11518 11519
11519 11520
11520 11521
11521 11522
11524 11525
11525 11526
11526 11527
11528 11529
11529 26506
11530 11531
11531 11532
11532 11533
11533 11534
11534 11535
11535 11536
11536 11537
11537 11538
11538 11539
11540 11541
11541 11542
11543 11544
11544 11545
11545 27052
11546 11547
11548 11549
11549 11550
11550 11551
11553 11554
11555 11556
11556 11557
11558 11559
11560 11561
11561 11562
11562 11563
11563 11564
11564 11565
11565 11566
11566 11567
11567 11568
11568 11569
11569 11570
11570 11571
11571 11572
11572 11573
11573 11574
11574 11575
11575 11576
11576 11577
11577 11578
11578 11579
11580 11581
11581 11582
11582 11583
11585 11586
11586 11587
11587 11588
11588 11589
11589 11590
11591 11592
11592 11593
11594 11595
11595 11596
11597 11598
11598 11599
11600 11601
11601 11602
11602 11603
11604 11605
11605 11606
11606 11607
11607 11608
11609 11610
11610 11611
11611 11612
11613 11614
11614 11615
11616 11617
11617 11618
11619 11620
11620 11621
11622 11623
11623 11624
11624 11625
11625 11626
11626 11627
11627 11628
11628 11629
11629 11630
11630 11631
11631 11632
11632 11633
11633 11634
11634 11635
11635 11636
11637 11638
11638 11639
11639 11640
11640 11641
11641 11642
11643 11644
11644 11645
11646 11647
11647 11648
11648 11649
11649 11650
11651 11652
11652 11653
11653 11654
11654 11655
11655 11656
11656 11657
11657 11658
11658 11659
11659 11660
11661 11662
11662 11663
11663 11664
11664 11665
11665 11666
11666 11667
11667 11668
11668 11669
11669 11670
11670 11671
11671 11672
11672 11673
11674 11675
11675 11676
11676 11677
11677 11678
11678 11679
11680 11681
11681 11682
11682 11683
11683 11684
11685 11686
11686 11687
11688 11689
11689 11690
11691 11692
11692 11693
11693 11694
11694 11695
11695 11696
11696 11697
11698 11699
11699 11700
11700 11701
11701 11702
11703 11704
11704 11705
11706 11707
11708 11709
11709 11710
11710 11711
11712 11713
11713 11714
11714 11715
11715 11716
11716 11717
11717 11718
11718 11719
11720 11721
11721 11722
11722 11723
11723 11724
11725 11726
11726 11727
11727 11728
11728 11729
11729 11730
11730 11731
11732 11733
11733 11734
11734 11735
11735 11736
11736 11737
11737 11738
11739 11740
11740 11741
11741 11742
11742 11743
11743 11744
11745 11746
11746 11747
11747 11748
11748 11749
11749 11750
11751 11752
11752 11753
11753 11754
11754 11755
11756 11757
11757 11758
11758 11759
11759 11760
11763 11764
11764 11765
11765 11766
11767 11768
11768 11769
11769 11770
11770 11771
11771 11772
11772 11773
11773 11774
11774 11775
11775 11776
11776 11777
11779 11780
11780 11781
11781 11782
11782 11783
11783 11784
11784 11785
11785 11786
11786 11787
11788 11789
11789 11790
11790 11791
11792 11793
11793 11794
11794 11795
11795 11796
11796 11797
11798 11799
11799 11800
11802 11803
11804 11805
11805 11806
11807 11808
11809 11810
11810 11811
11811 11812
11812 11813
11814 11815
11815 11816
11816 11817
11817 11818
11818 11819
11820 11821
11821 11822
11822 11823
11823 11824
11824 11825
11825 11826
11826 11827
11827 11828
11828 11829
11830 11831
11831 11832
11832 11833
11833 11834
11835 11836
11836 11837
11837 11838
11839 11840
11840 11841
11841 11842
11842 11843
11844 11845
11846 11847
11847 11848
11849 11850
11850 11851
11851 11852
11852 11853
11853 11854
11854 11855
11855 11856
11856 11857
11857 11858
11858 11859
11859 11860
11860 11861
11861 11862
11862 11863
11864 11865
11866 11867
11867 11868
11868 11869
11869 11870
11871 11872
11872 11873
11873 11874
11876 11877
11877 11878
11878 11879
11881 11882
11882 11883
11883 11884
11885 11886
11886 11887
11888 11889
11889 11890
11891 11892
11893 11894
11894 11895
11895 11896
11897 11898
11898 11899
11900 11901
11901 11902
11902 11903
11903 11904
11905 11906
11906 11907
11907 11908
11908 11909
11909 11910
11910 11911
11911 11912
11912 11913
11914 11915
11915 11916
11916 11917
11917 11918
11919 11920
11921 11922
11922 11923
11924 11925
11925 11926
11926 11927
11927 11928
11928 11929
11929 11930
11932 11933
11933 11934
11936 11937
11937 11938
11938 11939
11940 11941
11941 11942
11942 11943
11943 11944
11945 11946
11946 11947
11947 11948
11948 11949
11949 11950
11950 11951
11952 11953
11953 11954
11954 11955
11955 11956
11956 11957
11958 11959
11959 11960
11960 11961
11962 11963
11963 11964
11964 11965
11965 11966
11966 11967
11967 11968
11969 11970
11970 11971
11971 11972
11972 11973
11974 11975
11975 11976
11976 11977
11977 11978
11978 11979
11979 11980
11980 11981
11982 11983
11983 11984
11984 11985
11985 11986
11986 11987
11987 11988
11988 11989
11989 11990
11990 11991
11991 11992
11992 11993
11993 11994
11994 11995
11995 11996
11997 11998
11998 11999
11999 12000
12000 12001
12001 12002
12002 12003
12003 12004
12005 12006
12006 12007
12008 12009
12009 12010
12010 12011
12011 12012
12013 12014
12014 12015
12014 12287
12015 12016
12016 12017
12017 12018
12018 12019
12019 12020
12021 12022
12022 12023
12023 12024
12024 12025
12025 12026
12026 12027
12027 12028
12029 12030
12030 12031
12031 12032
12032 12033
12034 12035
12035 12036
12036 12037
12037 12038
12038 12039
12039 12040
12040 12041
12041 12042
12042 12043
12043 12044
12045 12046
12046 12047
12047 12048
12048 12049
12049 12050
12050 12051
12051 12052
12052 12053
12053 12054
12054 12055
12055 12056
12056 12057
12057 12058
12058 12059
12059 12060
12060 12061
12061 12062
12063 12064
12064 12065
12065 12066
12066 12067
12067 12068
12068 12069
12069 12070
12070 12071
12071 12072
12072 12073
12073 12074
12074 12075
12075 12076
12076 12077
12078 12079
12079 12080
12080 12081
12081 12082
12083 12084
12084 12085
12085 12086
12086 12087
12087 12088
12088 12089
12090 12091
12091 12092
12092 12093
12093 12094
12094 12095
12095 12096
12096 12097
12098 12099
12099 12100
12101 12102
12102 12103
12103 12104
12104 12105
12105 12106
12106 12107
12107 12108
12108 12109
12109 12110
12110 12111
12111 12112
12112 12113
12113 12114
12115 12116
12117 12118
12118 12119
12119 12120
12120 12121
12121 12122
12123 12124
12124 12125
12124 12802
12125 12126
12126 12127
12128 12129
12129 12130
12130 12131
12131 12132
12132 12133
12133 12134
12134 12135
12135 12136
12137 12138
12138 12139
12139 12140
12140 12141
12141 12142
12142 12143
12143 12144
12144 12145
12145 12146
12146 12147
12147 12148
12148 12149
12149 12150
12151 12152
12152 12153
12154 12155
12155 12156
12157 12158
12158 12159
12159 12160
12160 22301
12161 12162
12162 12163
12163 12164
12164 12165
12165 23601
12166 12167
12167 12168
12169 12170
12170 12171
12171 12172
12173 12174
12174 12175
12175 12176
12176 12177
12178 12179
12179 12180
12180 12181
12181 12182
12183 12184
12185 12186
12186 12187
12187 12188
12188 12427
12189 12190
12190 12191
12191 12192
12192 12193
12193 12194
12196 12197
12197 12198
12198 12199
12199 12200
12200 12201
12201 12202
12202 12203
12204 12205
12206 12207
12207 12208
12208 12209
12209 12210
12210 12211
12211 12212
12213 12214
12214 12215
12215 12216
12216 12217
12217 12218
12218 12219
12219 12220
12221 12222
12223 12224
12224 12225
12225 12226
12226 12227
12227 12228
12228 12229
12230 12231
12231 12232
12232 12233
12233 12234
12234 12235
12235 12236
12236 12237
12237 12238
12239 12240
12240 12241
12241 12242
12242 12243
12243 12244
12244 12245
12246 12247
12247 12248
12248 12249
12249 12250
12251 12252
12252 12253
12253 12254
12254 12255
12255 12256
12256 12257
12258 12259
12259 12260
12260 12261
12261 12262
12262 12263
12263 12264
12264 12265
12266 12267
12267 12268
12268 12269
12269 12270
12271 12272
12272 12273
12273 12274
12274 12275
12275 12276
12277 12278
12278 12279
12279 24272
12280 12281
12281 12282
12283 12284
12284 12285
12285 12286
12286 12287
12287 12288
12288 12289
12289 12290
12290 12291
12291 12292
12292 24272
12293 12294
12293 12391
12294 12295
12295 12296
12296 12297
12297 12298
12298 12299
12299 12300
12300 12301
12301 12302
12302 12303
12303 12304
12304 12305
12306 12307
12307 12308
12308 12309
12309 12310
12311 12312
12312 12313
12314 12315
12315 12316
12316 12317
12317 12318
12318 12319
12319 12320
12321 12322
12322 12323
12323 12324
12324 12325
12325 12326
12327 12328
12328 12329
12329 12330
12330 12331
12332 12333
12333 12334
12334 12335
12336 12337
12337 12338
12338 12339
12339 12340
12341 12342
12342 12343
12343 12344
12344 12345
12345 12346
12346 12347
12347 12348
12348 12349
12349 12350
12350 12351
12352 12353
12353 12354
12354 12355
12356 12357
12357 12358
12358 12359
12360 12361
12361 12362
12362 12363
12363 12364
12364 12365
12366 22301
12367 12368
12367 22301
12368 12369
12369 12370
12370 12371
12372 12373
12373 12374
12376 12377
12377 12378
12378 12379
12379 12380
12380 12381
12382 12383
12383 12384
12384 12385
12385 12386
12386 12387
12387 12388
12388 12389
12389 12390
12391 12392
12391 26974
12392 12393
12393 12394
12394 12395
12397 12398
12398 12399
12400 12401
12400 12526
12401 12402
12403 12404
12404 12405
12405 12406
12407 12408
12408 12409
12410 12411
12412 12413
12414 12415
12415 12416
12416 12417
12417 12418
12418 12419
12420 12421
12421 12422
12423 12424
12424 12425
12425 12426
12426 12427
12428 12429
12430 12431
12432 12433
12433 12434
12435 12436
12437 12438
12438 12439
12441 12442
12443 12444
12445 12446
12446 12447
12447 12448
12448 12449
12450 12451
12450 12810
12451 23514
12452 12453
12452 26472
12453 12454
12454 12455
12455 12456
12457 12458
12458 12459
12459 12460
12460 12461
12462 12463
12463 12464
12464 12465
12465 12466
12466 12467
12468 12469
12468 12785
12469 12470
12470 12471
12471 26658
12472 12473
12473 12474
12474 12475
12475 12476
12476 12477
12477 12478
12478 12479
12481 12482
12482 12483
12483 12484
12484 12485
12485 12486
12487 12488
12489 12490
12490 12491
12492 12493
12493 12494
12494 12495
12495 12496
12496 12497
12497 12498
12499 12500
12500 12501
12501 12502
12502 12503
12503 12504
12504 12505
12505 12506
12506 12507
12507 12508
12509 12510
12510 12511
12511 12512
12512 12513
12513 12514
12514 12515
12515 12516
12517 12518
12518 12519
12519 12520
12521 12522
12522 12523
12523 12524
12524 12525
12526 12527
12527 12528
12528 12529
12530 12531
12532 12533
12534 12535
12536 12537
12538 12539
12539 12540
12540 12541
12541 12542
12542 12543
12543 12544
12545 12546
12546 12547
12547 12548
12548 12549
12549 12550
12550 12551
12552 12553
12553 12554
12554 12555
12555 12556
12557 12558
12558 12559
12559 12560
12560 12561
12561 12562
12562 12563
12563 12564
12565 12566
12566 12567
12567 12568
12568 12569
12569 12570
12570 12571
12572 12573
12573 12574
12574 12575
12576 12577
12578 12579
12579 12580
12580 12581
12581 12582
12585 12586
12586 12587
12587 12588
12588 12589
12590 12591
12591 12592
12592 12593
12593 12594
12594 12595
12595 12596
12596 12597
12597 12598
12598 12599
12599 12600
12601 12602
12602 12603
12603 12604
12604 12605
12605 12606
12607 12608
12608 12609
12609 12610
12610 12611
12612 12613
12613 12614
12614 12615
12615 12616
12616 12617
12618 12619
12619 12620
12621 12622
12622 12623
12623 12624
12624 12625
12625 12626
12626 12627
12627 12628
12629 12630
12630 12631
12632 12633
12633 12634
12634 12635
12636 12637
12637 12638
12638 12639
12639 12640
12640 12641
12641 12642
12643 12644
12644 12645
12645 12646
12647 12648
12648 12649
12651 12652
12653 12654
12654 12655
12656 12657
12657 12658
12658 12659
12660 12661
12661 12662
12662 12663
12663 12664
12664 12665
12665 12666
12666 12667
12668 12669
12669 12670
12671 12672
12672 12673
12674 12675
12675 12676
12676 12677
12678 12679
12679 12680
12681 12682
12682 12683
12683 12684
12685 12686
12686 12687
12687 12688
12688 12689
12689 12690
12690 12691
12693 12694
12694 12695
12696 12697
12697 12698
12699 12700
12700 12701
12701 12702
12702 12703
12703 12704
12705 12706
12706 12707
12708 12709
12709 12710
12711 12712
12712 12713
12714 12715
12715 12716
12717 12718
12718 12719
12720 12721
12721 12722
12725 12726
12726 24375
12727 12728
12728 12729
12730 12731
12731 12732
12733 12734
12735 12736
12737 12738
12738 12739
12739 12740
12739 25715
12740 12741
12741 22787
12741 24603
12742 12743
12743 12744
12744 12745
12746 12747
12747 12748
12749 12750
12750 12751
12752 12753
12753 12754
12754 12755
12755 12756
12757 24376
12758 12759
12759 12760
12761 12762
12762 12763
12763 12764
12765 12766
12766 12767
12769 12770
12770 12771
12772 12773
12773 12774
12774 12775
12775 12776
12776 12777
12777 12778
12780 12781
12783 12784
12784 12785
12785 26660
12786 12787
12787 12788
12788 12789
12789 12790
12790 12791
12791 12792
12792 12793
12794 12795
12795 12796
12797 12798
12799 12800
12800 12801
12802 12803
12803 12804
12805 12806
12806 12807
12807 12808
12808 12809
12809 12810
12811 12812
12813 12814
12815 12816
12817 12818
12818 12819
12820 12821
12821 12822
12822 26974
12823 12824
12825 12826
12826 12827
12827 12828
12829 12830
12830 12831
12831 12832
12834 12835
12835 12836
12836 12837
12837 12838
12838 12839
12839 12840
12840 12841
12841 12842
12842 12843
12844 12845
12845 12846
12846 12847
12847 12848
12848 12849
12849 12850
12850 12851
12851 12852
12852 12853
12853 12854
12854 12855
12855 12856
12856 12857
12857 12858
12859 12860
12860 12861
12861 12862
12862 12863
12863 12864
12864 12865
12865 12866
12866 12867
12868 12869
12870 12871
12871 12872
12872 12873
12874 12875
12875 12876
12876 12877
12877 12878
12878 12879
12879 12880
12880 12881
12881 12882
12882 12883
12884 12885
12885 12886
12886 12887
12887 12888
12888 12889
12889 12890
12890 12891
12891 12892
12892 12893
12893 12894
12894 12895
12895 12896
12896 12897
12897 12898
12899 12900
12900 12901
12901 12902
12902 12903
12903 12904
12904 12905
12905 12906
12906 12907
12907 12908
12908 12909
12909 12910
12910 12911
12911 12912
12912 12913
12913 12914
12914 12915
12916 12917
12917 12918
12918 12919
12919 12920
12920 12921
12921 12922
12922 12923
12924 12925
12925 12926
12926 12927
12927 12928
12930 12931
12931 12932
12932 12933
12933 12934
12934 12935
12935 12936
12936 12937
12937 12938
12938 12939
12939 12940
12940 12941
12941 12942
12942 12943
12943 12944
12944 12945
12945 12946
12946 12947
12947 12948
12949 12950
12950 12951
12951 12952
12952 12953
12954 12955
12955 12956
12956 12957
12958 12959
12959 12960
12960 12961
12961 12962
12962 12963
12963 12964
12964 12965
12965 12966
12967 12968
12968 12969
12969 12970
12970 12971
12971 12972
12972 12973
12975 12976
12977 12978
12978 12979
12979 12980
12981 12982
12982 12983
12983 12984
12984 12985
12986 12987
12987 12988
12988 12989
12989 12990
12990 12991
12991 12992
12992 12993
12993 12994
12994 12995
12995 12996
12996 12997
12998 12999
12999 13000
13000 13001
13001 13002
13002 13003
13003 13004
13005 13006
13006 13007
13007 13008
13008 13009
13009 13010
13010 13011
13011 13012
13013 13014
13014 13015
13016 13017
13017 13018
13018 13019
13019 13020
13020 13021
13021 13022
13023 13024
13024 13025
13025 13026
13026 13027
13027 13028
13028 13029
13030 13031
13031 13032
13032 13033
13033 13034
13034 13035
13035 13036
13036 13037
13037 13038
13038 13039
13039 13040
13040 13041
13041 13042
13042 13043
13043 13044
13044 13045
13045 13046
13046 13047
13047 13048
13048 13049
13049 13050
13050 13051
13051 13052
13052 13053
13053 13054
13055 13056
13056 13057
13057 13058
13058 13059
13059 13060
13060 13061
13061 13062
13062 13063
13063 13064
13064 13065
13065 13066
13067 13068
13068 13069
13069 13070
13071 13072
13072 13073
13073 13074
13074 13075
13075 13076
13076 13077
13077 13078
13078 13079
13079 13080
13080 13081
13081 13082
13082 13083
13084 13085
13086 13087
13087 13088
13088 13089
13091 13092
13092 13093
13093 13094
13095 13096
13096 13097
13098 13099
13100 13101
13103 13104
13104 13105
13105 13106
13107 13108
13108 13109
13109 13110
13110 13111
13111 13112
13112 13113
13114 13115
13115 13116
13116 13117
13117 13118
13118 13119
13119 13120
13120 13121
13121 13122
13122 13123
13123 13124
13124 13125
13125 13126
13127 13128
13128 13129
13129 13130
13130 13131
13132 13133
13134 13135
13135 13136
13136 13137
13137 13138
13138 13139
13139 13140
13140 13141
13141 13142
13142 13143
13144 13145
13145 13146
13147 13148
13148 13149
13149 13150
13150 13151
13151 13152
13152 13153
13153 13154
13154 13155
13155 13156
13156 13157
13157 13158
13158 13159
13159 13160
13160 13161
13161 13162
13162 13163
13163 13164
13164 13165
13165 13166
13166 13167
13167 13168
13168 13169
13169 13170
13170 13171
13171 13172
13172 13173
13173 13174
13174 13175
13175 13176
13176 13177
13177 13178
13178 13179
13179 13180
13180 13181
13181 13182
13182 13183
13184 13185
13185 13186
13186 13187
13187 13188
13189 13190
13191 13192
13192 13193
13193 13194
13195 13196
13196 13197
13198 13199
13200 13201
13201 13202
13202 13203
13203 13204
13204 13205
13205 13206
13206 13207
13208 13209
13209 13210
13210 13211
13211 13212
13212 13213
13213 13214
13214 13215
13215 13216
13216 13217
13217 13218
13218 13219
13219 13220
13220 13221
13221 13222
13223 13224
13224 13225
13226 13227
13228 13229
13229 13230
13230 13231
13231 13232
13232 13233
13233 13234
13234 13235
13235 13236
13236 13237
13237 13238
13239 13240
13240 13241
13241 13242
13242 13243
13243 13244
13244 13245
13245 13246
13246 13247
13247 13248
13248 13249
13249 13250
13251 13252
13252 13253
13253 13254
13254 13255
13255 13256
13256 13257
13257 13258
13258 13259
13260 13261
13261 13262
13262 13263
13263 13264
13265 13266
13266 13267
13267 13268
13268 13269
13269 13270
13270 13271
13271 13272
13272 13273
13275 13276
13276 13277
13277 13278
13278 13279
13279 13280
13280 13281
13282 13283
13283 13284
13284 13285
13285 13286
13286 13287
13287 13288
13288 13289
13289 13290
13290 13291
13291 13292
13292 13293
13293 13294
13294 13295
13295 13296
13297 13298
13298 13299
13299 13300
13301 13302
13302 13303
13303 13304
13304 13305
13305 13306
13306 13307
13307 13308
13308 13309
13310 13311
13311 13312
13312 13313
13313 13314
13314 13315
13316 13317
13317 13318
13318 13319
13319 13320
13321 13322
13322 13323
13324 13325
13325 13326
13327 13328
13328 13329
13329 13330
13330 13331
13331 13332
13333 13334
13334 13335
13335 13336
13336 13337
13337 13338
13339 13428
13340 13341
13341 13342
13342 13343
13343 13344
13344 13345
13346 13347
13347 13348
13348 13349
13349 13350
13351 13352
13352 13353
13353 13354
13354 13355
13356 13357
13357 13358
13358 13359
13359 13360
13360 13361
13361 13362
13362 13363
13364 13365
13366 13367
13367 13368
13368 13369
13370 13371
13371 13372
13372 13373
13373 13374
13374 13375
13376 13377
13377 13378
13378 13379
13379 13380
13381 13382
13382 13383
13384 13385
13385 13428
13386 13387
13387 13388
13388 13389
13389 13390
13390 13391
13391 13392
13392 13393
13393 13394
13394 13395
13395 13396
13396 13397
13397 13398
13398 13399
13399 13400
13400 25714
13401 13402
13402 13403
13404 13405
13405 13406
13406 13407
13407 13408
13408 13409
13409 13410
13410 13411
13412 13413
13413 13414
13414 13415
13415 13416
13415 17698
13416 16264
13417 13418
13418 13419
13420 13421
13421 13422
13422 13423
13423 13424
13424 13425
13428 13429
13430 13431
13431 13432
13432 13433
13434 13435
13436 13437
13437 13438
13438 13439
13439 13440
13440 13441
13442 13443
13443 13444
13444 13445
13445 13446
13446 13447
13447 13448
13448 13449
13450 13451
13451 13452
13454 13455
13455 13456
13457 13458
13458 13459
13459 13460
13460 13461
13461 13462
13463 13464
13465 13466
13466 13467
13467 13468
13469 13470
13470 13471
13471 13472
13472 13473
13473 13474
13474 13475
13477 13478
13478 13479
13480 13481
13480 22200
13481 26167
13482 13483
13483 13484
13485 13486
13487 13488
13488 13489
13490 13491
13491 13492
13492 13493
13493 13494
13494 13495
13495 13496
13496 13497
13498 13499
13500 13501
13501 13502
13503 13504
13504 13505
13505 13506
13506 13507
13507 13508
13508 13509
13509 13510
13510 13511
13511 13512
13512 13513
13514 13515
13515 13516
13516 13517
13518 13519
13519 13520
13520 13521
13521 13522
13522 13523
13523 13524
13524 13525
13525 13526
13527 13528
13528 13529
13530 13531
13531 13532
13533 13534
13534 13535
13536 13537
13537 13538
13539 13540
13540 13541
13542 13543
13543 13544
13544 13545
13545 13546
13546 13547
13548 13549
13549 13550
13550 13551
13552 13553
13553 13554
13554 13555
13556 13557
13557 13558
13558 13559
13559 13560
13560 13561
13561 13562
13562 13563
13563 13564
13564 13565
13566 13567
13567 13568
13568 13569
13569 13570
13571 13572
13572 13573
13574 13575
13575 13576
13576 13577
13577 13578
13578 13579
13579 13580
13581 13582
13582 13583
13583 13584
13584 13585
13585 13586
13587 13588
13588 13589
13589 13590
13591 13592
13592 13593
13593 13594
13594 13595
13595 13596
13597 13598
13598 13599
13599 13600
13600 13601
13601 13602
13603 13604
13604 13605
13605 13606
13606 13607
13607 13608
13609 13610
13610 13611
13611 13612
13615 13616
13616 13617
13617 13618
13618 13619
13619 13620
13621 13622
13622 13623
13623 13624
13625 13626
13626 13627
13627 13628
13629 13630
13629 22310
13630 13631
13632 13633
13633 13634
13636 13637
13638 13639
13639 13640
13641 13642
13642 13643
13643 13644
13645 13646
13646 13647
13647 13648
13648 13649
13649 13650
13650 13651
13651 13652
13652 13653
13653 13654
13654 13655
13655 13656
13656 13657
13657 13658
13658 13659
13660 13661
13661 13662
13663 13664
13664 13665
13665 13666
13666 13667
13667 13668
13668 13669
13670 13671
13671 13672
13672 13673
13675 13676
13676 13677
13678 13679
13680 13681
13681 13682
13682 13683
13684 13685
13685 13686
13686 13687
13687 13688
13688 13689
13689 13690
13690 13691
13691 13692
13692 13693
13693 13694
13694 13695
13696 13697
13698 13699
13700 13701
13702 13703
13703 13704
13704 13705
13705 13706
13706 13707
13707 13708
13709 13710
13710 13711
13711 13712
13713 13714
13714 13715
13715 13716
13716 13717
13717 13718
13718 13719
13719 13720
13720 13856
13722 13723
13723 13724
13724 13725
13725 13726
13726 13727
13728 13729
13729 13730
13730 13731
13731 13732
13732 13733
13733 13734
13735 13736
13736 13737
13737 13738
13738 13739
13739 13740
13741 13742
13742 13743
13743 13744
13744 13745
13745 23040
13746 13747
13747 13748
13748 13749
13750 13751
13751 13752
13752 13753
13753 13754
13754 13755
13756 13757
13757 13758
13758 13759
13759 13760
13760 13761
13761 13762
13764 13765
13765 13766
13766 13767
13767 13768
13768 13769
13769 13770
13770 13771
13771 13772
13773 13774
13774 13775
13775 13776
13776 13777
13777 13778
13778 13779
13779 13780
13780 13781
13781 13782
13782 13783
13783 13784
13784 13785
13785 13786
13786 13787
13787 13788
13788 13789
13789 13790
13790 13791
13791 13792
13792 13793
13793 13794
13794 13795
13795 13796
13796 13797
13797 13798
13798 13799
13799 13800
13800 13801
13801 13802
13802 13803
13803 13804
13804 13805
13805 13806
13806 13807
13807 13808
13808 13809
13809 13810
13810 13811
13811 13812
13812 13813
13813 13814
13814 13815
13815 13816
13816 13817
13818 13819
13819 13820
13820 13821
13821 13822
13822 13823
13824 13825
13825 13826
13826 13827
13827 13828
13828 13829
13830 13831
13831 13832
13832 13833
13833 13834
13834 13835
13835 13836
13836 13837
13838 13839
13839 13840
13840 13841
13841 13842
13842 13843
13843 13844
13844 13845
13845 13846
13846 13847
13848 13849
13849 13850
13851 13852
13852 13853
13853 13854
13855 13856
13857 13858
13858 13859
13859 13860
13860 13861
13861 13862
13862 13863
13863 13864
13864 13865
13865 13866
13866 13867
13867 13868
13868 13869
13869 13870
13871 13872
13872 13873
13873 13874
13874 13875
13875 13876
13876 13877
13877 13878
13879 13880
13880 13881
13881 13882
13882 13883
13884 13885
13885 14778
13886 13887
13887 13888
13888 13889
13889 13890
13891 13892
13892 18328
13893 13894
13894 13895
13895 13896
13896 13897
13897 13898
13898 13899
13899 13900
13900 13901
13901 13902
13903 13904
13904 13905
13905 13906
13906 13907
13907 13908
13909 13910
13911 13912
13912 13913
13913 13914
13915 13916
13917 13918
13918 13919
13919 13920
13920 13921
13922 13923
13925 13926
13926 13927
13928 13929
13929 13930
13930 13931
13931 13932
13932 13933
13934 13935
13935 13936
13936 13937
13937 13938
13938 13939
13939 13940
13941 13942
13942 13943
13943 13944
13944 13945
13945 13946
13947 13948
13948 13949
13949 13950
13950 13951
13951 13952
13952 13953
13953 13954
13954 13955
13956 13957
13957 13958
13959 13960
13962 13963
13963 13964
13964 13965
13965 13966
13966 13967
13967 13968
13968 13969
13969 13970
13970 13971
13971 13972
13974 13975
13975 13976
13976 13977
13977 13978
13978 13979
13980 13981
13981 13982
13982 13983
13983 13984
13984 13985
13985 13986
13986 13987
13987 13988
13988 13989
13989 13990
13991 13992
13993 13994
13994 13995
13995 13996
13996 13997
13997 13998
13998 13999
13999 14000
13999 14049
14000 14001
14001 14002
14002 14003
14004 14005
14005 14006
14006 14007
14008 14009
14009 14010
14010 14011
14012 14013
14013 14014
14014 14015
14016 14017
14017 14018
14018 14019
14020 14021
14022 14023
14023 14024
14024 14025
14025 14026
14026 14027
14027 14028
14029 14030
14030 14031
14031 14032
14032 14033
14033 14034
14034 14035
14036 14037
14037 14038
14038 14039
14040 14041
14041 14042
14042 14043
14043 14044
14044 14045
14045 14046
14046 14047
14047 14048
14048 14049
14050 14051
14051 14052
14052 14053
14055 14056
14056 14057
14057 14058
14058 14059
14059 14060
14060 14061
14063 14064
14066 14067
14067 14068
14068 14069
14069 14070
14070 14071
14072 14073
14072 23225
14074 14075
14075 14076
14076 14077
14078 14079
14079 14080
14080 14081
14081 14082
14083 14084
14085 14086
14086 14087
14087 14088
14088 14089
14089 14090
14091 14092
14092 14093
14093 14094
14098 14099
14099 14100
14101 14102
14103 14104
14105 14106
14106 14107
14107 14108
14110 14111
14111 14112
14112 14113
14113 14114
14115 14116
14116 14117
14117 14118
14118 14119
14119 14120
14120 14121
14123 14124
14124 14125
14125 14126
14126 14127
14127 14128
14131 14132
14133 14134
14134 14135
14135 14136
14136 14137
14137 14138
14139 14140
14141 14142
14142 14143
14143 14144
14144 14145
14145 14146
14146 14147
14147 14148
14148 14149
14149 14150
14151 14152
14152 14153
14154 14155
14155 14156
14156 14157
14157 14158
14158 14159
14159 14160
14161 14162
14162 14163
14164 14165
14165 14166
14167 14168
14168 14169
14169 14170
14170 14171
14171 14172
14172 14173
14173 14174
14174 14175
14175 14176
14179 14180
14180 14181
14181 14182
14183 14184
14184 14185
14185 14186
14187 14188
14188 14189
14189 14190
14190 14191
14191 14192
14193 14194
14194 14195
14195 14196
14196 14197
14197 14198
14199 14200
14200 14201
14201 14202
14202 14203
14204 14205
14205 14206
14206 14207
14207 14208
14208 14209
14209 14210
14210 14211
14211 14212
14212 14213
14213 14214
14216 14217
14217 26328
14218 14219
14219 14220
14220 14221
14221 14222
14222 14223
14223 14224
14225 14226
14226 14227
14229 14230
14230 14231
14231 14232
14232 14233
14233 14234
14235 14236
14236 14237
14238 14239
14239 14240
14240 14241
14241 14242
14242 14243
14243 14244
14244 14245
14245 14246
14246 14247
14247 14248
14248 14249
14249 14250
14250 14251
14251 14252
14253 14254
14254 14255
14255 14256
14257 14258
14258 14259
14259 14260
14261 14262
14262 14263
14263 14264
14264 14265
14265 14266
14267 14268
14269 14270
14270 14271
14271 14272
14273 14274
14275 14276
14276 14277
14277 14278
14278 14279
14280 14281
14281 14282
14282 14283
14283 14284
14285 14286
14286 14287
14287 14288
14288 14289
14289 14290
14290 14291
14292 14293
14293 14294
14294 14295
14295 14296
14296 14297
14298 14299
14300 14301
14301 14302
14302 14303
14303 14304
14305 14306
14306 14307
14307 14308
14308 14309
14309 14310
14310 14311
14311 14312
14312 14313
14313 14314
14314 14315
14315 14316
14316 14317
14317 14318
14318 14319
14320 14321
14321 14322
14323 14324
14325 14326
14326 14327
14328 14329
14329 14330
14330 14331
14331 14332
14332 14333
14334 14335
14335 14336
14336 14337
14338 14339
14339 14340
14341 14342
14342 14343
14343 14344
14344 14345
14345 14346
14346 14347
14347 14348
14348 14349
14350 14351
14352 14353
14353 14354
14355 14356
14356 14357
14357 14358
14358 14359
14359 14360
14360 14361
14363 14364
14365 14366
14366 14367
14367 14368
14368 14369
14369 14370
14370 14371
14372 14373
14373 14374
14375 14376
14377 14378
14378 14379
14379 14380
14381 14382
14383 14384
14384 14385
14386 14387
14387 14388
14390 14391
14391 14392
14393 14394
14395 14396
14396 14397
14398 14399
14399 14400
14400 14401
14402 14403
14403 14404
14404 14405
14405 14406
14406 14407
14407 14408
14408 14409
14409 14410
14410 14411
14411 14412
14412 14413
14413 14414
14414 14415
14416 14417
14418 14419
14419 14420
14421 14422
14422 14423
14423 14424
14424 14425
14425 14426
14426 14427
14427 14428
14428 14429
14429 14430
14430 14431
14431 14432
14432 14472
14433 14434
14434 14435
14435 14436
14436 14437
14437 14438
14438 14439
14439 14440
14441 14442
14442 14443
14443 14444
14444 14445
14445 14446
14446 14447
14448 14449
14449 14450
14450 14451
14451 14452
14453 14454
14454 14455
14455 14456
14456 14457
14457 14458
14458 14459
14459 14460
14461 14462
14462 14463
14463 14464
14464 14465
14465 14466
14466 14467
14467 14468
14468 14469
14469 14470
14470 14471
14471 14472
14473 14474
14474 14475
14475 14476
14476 14477
14477 14478
14478 14479
14479 14480
14480 14481
14481 14482
14482 14483
14483 14484
14484 14485
14485 14486
14486 14487
14487 14488
14488 14489
14489 14490
14490 14491
14491 14492
14492 14493
14493 14494
14494 14495
14495 14496
14496 14497
14497 14498
14498 14499
14499 14500
14501 14502
14502 14503
14503 14504
14504 14505
14506 14507
14507 14508
14508 14509
14509 14510
14510 14511
14512 14513
14513 14514
14514 14515
14515 14516
14516 14517
14517 14518
14518 14519
14519 14520
14520 14521
14522 14523
14523 14524
14524 14525
14525 14526
14526 14527
14527 14528
14529 14530
14530 14531
14531 14532
14532 14533
14534 14535
14535 14536
14536 14537
14537 14538
14538 14539
14539 14540
14540 14541
14541 14542
14543 14544
14544 14545
14545 14546
14546 14547
14547 14548
14548 14549
14549 14550
14550 14551
14551 14552
14552 14553
14554 14555
14555 14556
14556 14557
14557 14558
14558 14559
14560 14561
14561 14562
14563 14564
14564 14565
14565 14566
14566 14567
14567 14568
14568 14569
14570 14571
14571 14572
14572 14573
14573 14574
14574 14575
14575 14576
14576 14577
14577 14578
14578 14579
14580 14581
14581 14582
14582 14583
14583 14584
14584 14585
14586 14587
14587 14588
14588 14589
14589 14590
14590 14591
14591 14592
14593 14594
14594 14595
14595 14596
14596 14597
14598 14599
14599 14600
14601 14602
14602 14603
14603 14604
14605 14606
14606 14607
14607 14608
14608 14609
14609 14610
14611 14612
14612 14613
14613 14614
14614 14615
14615 14616
14616 14617
14617 14618
14618 14619
14619 14620
14620 14621
14622 14623
14623 14624
14624 14625
14625 14626
14626 14627
14627 14628
14628 14629
14630 14631
14631 14632
14632 14633
14633 14634
14634 14635
14635 14636
14636 14637
14637 14638
14638 14639
14640 14641
14641 14642
14642 14643
14643 14644
14644 14645
14645 14646
14647 14648
14648 14649
14649 14650
14650 14651
14651 14652
14652 14653
14653 14654
14654 14655
14655 14656
14657 14658
14658 14659
14659 14660
14660 14661
14662 14663
14663 14664
14664 14665
14665 14666
14667 14668
14669 14670
14670 14671
14671 14672
14673 14674
14674 14675
14675 14676
14676 14677
14678 14679
14679 14680
14680 14681
14681 14682
14682 14683
14683 14684
14685 14686
14686 14687
14687 14688
14689 14690
14690 14691
14691 14692
14692 14693
14694 14695
14695 14696
14697 14698
14698 14699
14699 14700
14700 14701
14702 14703
14703 14704
14704 14705
14706 14707
14707 14708
14708 14709
14709 14710
14710 14711
14712 14713
14713 14714
14714 14715
14715 14716
14716 14717
14717 14718
14718 14719
14719 14720
14720 14721
14722 14723
14723 14724
14724 14725
14725 14726
14726 14727
14727 14728
14729 14730
14730 14731
14731 14732
14732 14733
14734 14735
14735 14736
14736 14737
14738 14739
14739 14740
14741 14742
14742 14743
14743 14744
14744 14745
14746 14747
14747 14748
14748 14749
14749 14750
14751 14752
14752 14753
14754 14755
14755 14756
14756 14757
14757 14758
14758 14759
14759 14760
14760 14761
14761 14762
14763 14764
14764 14765
14766 14767
14767 14768
14768 14769
14770 14771
14771 14772
14772 14773
14773 14774
14775 14776
14776 14777
14777 14778
14779 14780
14781 14782
14782 14783
14784 14785
14785 14786
14787 14788
14788 14789
14789 14790
14791 14792
14792 14793
14793 14794
14794 14795
14795 14796
14797 14798
14798 14799
14800 14801
14802 14803
14802 24623
14802 15347
14803 14804
14805 14806
14807 14808
14808 14809
14809 14810
14810 14811
14812 14813
14813 14814
14814 14815
14817 14818
14818 14819
14820 14821
14822 14823
14824 14825
14825 14826
14827 14828
14828 14829
14829 14830
14830 14831
14832 14833
14833 14834
14834 14835
14835 14836
14836 14837
14837 23287
14838 14839
14839 14840
14840 14841
14841 14842
14842 14843
14843 14844
14845 14846
14846 14847
14848 14849
14849 14850
14851 14852
14852 14853
14854 14855
14855 14856
14857 14858
14858 14859
14859 14860
14860 14861
14861 14862
14862 14863
14864 14865
14865 14866
14866 14867
14867 14868
14868 14869
14869 14870
14871 14872
14872 14873
14873 14874
14875 14876
14876 14877
14877 14878
14878 14879
14879 14880
14880 14881
14881 14882
14882 14883
14883 14884
14884 14885
14885 14886
14886 14887
14887 14888
14888 14889
14889 14890
14891 14892
14892 14893
14893 14894
14894 14895
14896 14897
14897 14898
14898 14899
14899 14900
14901 14902
14902 14903
14904 14905
14905 14906
14906 14907
14907 14908
14908 14909
14909 14910
14910 14911
14912 14913
14913 14914
14914 14915
14916 14917
14917 14918
14918 14919
14919 14920
14920 14921
14922 14923
14923 14924
14924 14925
14926 14927
14927 14928
14928 14929
14929 14930
14931 14932
14932 14933
14934 14935
14935 14936
14936 14937
14938 14939
14939 14940
14940 14941
14941 14942
14942 14943
14943 14944
14944 14945
14945 14946
14947 14948
14948 14949
14949 14950
14950 14951
14951 14952
14952 14953
14953 14954
14954 14955
14956 14957
14957 14958
14959 14960
14960 14961
14962 14963
14964 14965
14965 14966
14967 14968
14968 14969
14969 14970
14970 14971
14972 14973
14973 14974
14974 14975
14976 14977
14977 14978
14978 14979
14979 14980
14980 14981
14981 14982
14982 14983
14983 14984
14985 14986
14986 14987
14987 14988
14989 14990
14990 14991
14991 14992
14992 14993
14994 14995
14995 14996
14996 14997
14997 14998
14998 14999
14999 15000
15001 15002
15002 15003
15003 15004
15004 15005
15005 15006
15006 15007
15007 15008
15009 15010
15010 15011
15011 15012
15013 15014
15014 15015
15015 15016
15016 15017
15017 15018
15019 15020
15020 15021
15021 15022
15022 15023
15023 15024
15024 15025
15025 15026
15026 15027
15027 15028
15028 15029
15029 15030
15032 15033
15033 15034
15034 15035
15035 15036
15036 15037
15038 15039
15039 15040
15041 15042
15042 15043
15044 15045
15045 15046
15046 15047
15047 15048
15048 15049
15049 15050
15050 15051
15051 15052
15053 15054
15055 15056
15056 15057
15058 15059
15059 15060
15060 15061
15061 15062
15063 15064
15064 15065
15065 15066
15066 15067
15067 15068
15068 15069
15069 15070
15070 15071
15072 15073
15073 15074
15074 15075
15075 15076
15076 15077
15079 15080
15080 15081
15081 15082
15082 15083
15083 15084
15084 15085
15085 19179
15086 15087
15087 15088
15088 15089
15089 15090
15090 15091
15091 15092
15093 15094
15094 15095
15095 15096
15097 15098
15098 15099
15099 15100
15100 15101
15101 15102
15102 15103
15103 15104
15106 15107
15106 15287
15107 15108
15108 15109
15109 15110
15110 15111
15111 15112
15112 15113
15113 15114
15116 15117
15118 15119
15119 15120
15120 15121
15121 15122
15122 15123
15123 15124
15124 15125
15125 15126
15126 15127
15128 15129
15129 15130
15130 15131
15131 15132
15132 15133
15133 15134
15134 15135
15135 15136
15137 15138
15138 15139
15139 15140
15140 15141
15141 15142
15143 15144
15144 15145
15145 15146
15146 15147
15148 15149
15149 15150
15150 15151
15151 15152
15152 15153
15154 15155
15155 15156
15156 15157
15157 15158
15158 15159
15159 15160
15160 15161
15161 15162
15163 15164
15164 15165
15165 15166
15166 15167
15167 15168
15168 15169
15170 15171
15171 15172
15172 15173
15174 15175
15175 15176
15176 15177
15177 15178
15178 15179
15179 15180
15180 15181
15181 15182
15182 15183
15183 15184
15184 15185
15185 15186
15186 15187
15188 15189
15190 15191
15191 15192
15192 15193
15194 15195
15195 15196
15196 15197
15198 15199
15199 15200
15201 15202
15202 15203
15204 15205
15205 15206
15206 15207
15207 15208
15208 15209
15209 15210
15212 15213
15213 15214
15214 15215
15215 15216
15216 15217
15218 15219
15221 15222
15222 15223
15223 15224
15225 15226
15227 15228
15228 15229
15230 15231
15231 15232
15232 15233
15233 15234
15234 15235
15236 15237
15237 15238
15238 15239
15240 15241
15242 15243
15243 15244
15244 15245
15246 15247
15247 15248
15248 15249
15249 15250
15250 15251
15251 15252
15252 15253
15254 15255
15255 15256
15256 15257
15257 15258
15258 15259
15260 15261
15262 15263
15263 15264
15264 15265
15265 15266
15266 15267
15267 15268
15268 15269
15269 15270
15271 15272
15272 15273
15273 15274
15274 15275
15275 15276
15276 15277
15277 15278
15280 15281
15282 15283
15283 15284
15284 15285
15285 15286
15287 15288
15288 15289
15289 15290
15290 15291
15291 15292
15292 15293
15294 15295
15296 15297
15298 15299
15298 23031
15299 15300
15302 15303
15305 15306
15306 15307
15308 15309
15310 15311
15313 15314
15314 15315
15315 15316
15316 15378
15317 15318
15318 15319
15319 15320
15320 15321
15321 15322
15322 15323
15323 15324
15324 15325
15327 15328
15328 15329
15329 15330
15331 15332
15332 15333
15334 15335
15335 15336
15337 15338
15338 15339
15339 15340
15340 15341
15341 15342
15342 15343
15343 15344
15344 15345
15345 15346
15347 15348
15348 15349
15349 15350
15351 15352
15352 15353
15354 15355
15356 15357
15357 15358
15360 15361
15362 15363
15363 15364
15365 15366
15367 15368
15368 15369
15369 15370
15371 15372
15371 22822
15372 15373
15374 15375
15375 15376
15378 15379
15379 15380
15380 15381
15382 15383
15384 15385
15385 15386
15386 15387
15387 15388
15389 15390
15391 15392
15393 15394
15394 15395
15395 15396
15397 15398
15398 15399
15400 15401
15401 15402
15402 15403
15404 15405
15405 15406
15406 15407
15408 15409
15409 15410
15409 27055
15410 26550
15412 15413
15414 15415
15415 15416
15416 15417
15418 15419
15420 15421
15421 15422
15423 15424
15425 15426
15426 15427
15427 15428
15428 15429
15429 15430
15430 15431
15432 15433
15433 15434
15434 15435
15436 15437
15437 15438
15439 15440
15440 15441
15441 15442
15442 15443
15443 15444
15445 15446
15446 15447
15447 15448
15448 15449
15450 15451
15451 15452
15453 15454
15454 15455
15455 15456
15456 15457
15457 15458
15459 15460
15460 15461
15461 15462
15462 15463
15464 15465
15465 15466
15467 15468
15468 15469
15469 15470
15470 15471
15471 15472
15472 15473
15473 15474
15475 15476
15476 15477
15478 15479
15479 15480
15480 15481
15481 15482
15482 15483
15484 15485
15485 15486
15486 15487
15487 15488
15489 15490
15489 27006
15489 23228
15490 15491
15491 15492
15492 15493
15493 15494
15494 15732
15495 15496
15496 15497
15498 15499
15499 15500
15500 15501
15502 15503
15503 15504
15504 15505
15505 15506
15506 15507
15508 15509
15509 15510
15510 15511
15512 15513
15513 15514
15514 15515
15515 15516
15516 15517
15517 15518
15518 15519
15519 15520
15520 15521
15521 15522
15522 15523
15523 15524
15526 15527
15527 15528
15528 15529
15530 15531
15531 15532
15532 15533
15533 23244
15534 15535
15535 15536
15537 15538
15538 15539
15539 15540
15541 15542
15542 15543
15544 15545
15545 15546
15546 15547
15547 15548
15549 15550
15550 15551
15551 15552
15552 15553
15554 15555
15556 15557
15557 15558
15558 15559
15559 15560
15560 15561
15562 15563
15563 15564
15564 15565
15565 15566
15566 15567
15567 15568
15569 15570
15570 15571
15572 15573
15573 15574
15574 15575
15576 15577
15577 15578
15578 15579
15579 15580
15580 15581
15581 15582
15582 15583
15583 15584
15585 15586
15586 15587
15587 15588
15588 15589
15590 15591
15591 15592
15593 15594
15594 15595
15595 15596
15596 15597
15597 15598
15598 15599
15599 15600
15600 15601
15602 15603
15603 15604
15604 15605
15605 15606
15606 15607
15607 15608
15608 15609
15609 15610
15612 15613
15614 15615
15615 15616
15616 15617
15618 15619
15620 15621
15621 15622
15622 15623
15623 15624
15624 15625
15625 15626
15627 15628
15628 15629
15629 15630
15630 15631
15632 15633
15633 15634
15634 15635
15635 15636
15638 15639
15639 15640
15640 15641
15643 15644
15644 15645
15645 15646
15646 15647
15647 15648
15648 15649
15649 15650
15652 15653
15653 15654
15654 15655
15656 15657
15658 15659
15660 15661
15661 15662
15662 15663
15664 15665
15666 15667
15669 15670
15671 15672
15672 15673
15673 15674
15675 15676
15676 15677
15678 15679
15679 15680
15681 15682
15682 15683
15685 15686
15686 15687
15688 15689
15690 15691
15692 15693
15693 15694
15694 15695
15695 15696
15697 15698
15698 15699
15700 15701
15701 15702
15703 15704
15704 15705
15705 24633
15705 15785
15705 23714
15706 15707
15707 15708
15708 15709
15709 15710
15710 15711
15711 15712
15712 15713
15714 15715
15715 15716
15716 15717
15718 15719
15719 15720
15720 15721
15721 15722
15723 15724
15724 15725
15725 15726
15727 15728
15729 15730
15730 15731
15731 15732
15732 27073
15732 22454
15733 15734
15734 15735
15736 15737
15737 15738
15738 25055
15738 25918
15739 15740
15741 15742
15742 15743
15743 15744
15746 15747
15747 15748
15748 15760
15749 15750
15750 15751
15751 15752
15752 15753
15753 15754
15755 15756
15756 15757
15757 15758
15758 15759
15759 15760
15760 23198
15760 24752
15761 15762
15762 15763
15764 15765
15765 15766
15766 15767
15767 15768
15768 15769
15770 15771
15771 15772
15772 15773
15773 26328
15773 26810
15774 15775
15775 15776
15776 15777
15778 15779
15779 15780
15781 15782
15782 15783
15783 15784
15785 15786
15786 15787
15787 15788
15788 15789
15789 15790
15790 15791
15793 15794
15794 15795
15796 15797
15798 15799
15799 15800
15801 15802
15802 15803
15805 15806
15807 15808
15809 15810
15810 15811
15812 15813
15814 15815
15816 15817
15817 15818
15818 15819
15819 15820
15821 15822
15823 15824
15824 15825
15825 15826
15826 15827
15827 15828
15829 15830
15830 15831
15831 15832
15834 15835
15835 15836
15836 15837
15837 15838
15838 15839
15839 15840
15840 15841
15841 15842
15842 15843
15843 15844
15845 15846
15846 15847
15847 15848
15848 15849
15849 15850
15851 15852
15852 15853
15853 15854
15854 15855
15855 15856
15856 15857
15857 15858
15858 15859
15860 15861
15861 15862
15862 15863
15863 15864
15865 15866
15866 15867
15867 15868
15868 15869
15869 15870
15870 15871
15871 15872
15873 15874
15874 15875
15875 15876
15876 15877
15877 15878
15878 15879
15879 15880
15881 15882
15882 15883
15883 15884
15884 15885
15886 15887
15887 15888
15888 15889
15889 15890
15891 15892
15892 15893
15893 15894
15894 15895
15895 15896
15897 15898
15898 15899
15899 15900
15900 15901
15901 15902
15902 15903
15903 15904
15904 15905
15905 15906
15906 15907
15908 15909
15909 15910
15910 15911
15911 15912
15912 15913
15913 15914
15914 15915
15915 15916
15916 15917
15918 15919
15919 15920
15920 15921
15921 15922
15922 15923
15923 15924
15924 15925
15925 15926
15926 15927
15928 15929
15929 15930
15930 15931
15931 15932
15932 15933
15933 15934
15935 15936
15936 15937
15937 15938
15938 15939
15939 15940
15940 15941
15941 15942
15942 15943
15943 15944
15945 15946
15946 15947
15947 15948
15948 15949
15949 15950
15951 15952
15952 15953
15953 15954
15954 15955
15955 15956
15956 15957
15957 15958
15959 15960
15960 15961
15961 15962
15962 15963
15963 15964
15965 15966
15966 15967
15967 15968
15968 15969
15969 15970
15970 15971
15971 15972
15972 15973
15973 15974
15973 16048
15974 15975
15975 15976
15977 15978
15978 15979
15979 15980
15980 15981
15981 15982
15983 15984
15984 15985
15985 15986
15986 15987
15987 15988
15988 15989
15989 15990
15990 15991
15991 15992
15992 15993
15993 15994
15994 15995
15995 15996
15996 15997
15997 15998
15998 15999
15999 16000
16001 16002
16002 16003
16003 16004
16004 16005
16005 16006
16006 16007
16008 16009
16009 16010
16010 16011
16011 16012
16012 16013
16013 16014
16014 16015
16015 16016
16017 16018
16018 16019
16019 16020
16020 16021
16021 16022
16023 16024
16024 16025
16025 16026
16026 16027
16027 16028
16028 16029
16030 16031
16031 16032
16032 16033
16033 16034
16034 16035
16035 16036
16037 16038
16038 16039
16039 16040
16040 16041
16042 16043
16043 16044
16045 16046
16046 16047
16048 16049
16049 16050
16050 16051
16051 16052
16052 16053
16053 16054
16054 16055
16055 16056
16057 16058
16058 16059
16059 16060
16060 16061
16062 16063
16063 16064
16064 16065
16065 16066
16067 16068
16068 16069
16069 16070
16070 16071
16071 16072
16072 16073
16074 16075
16075 16076
16076 16077
16078 16079
16079 16080
16080 16081
16081 16082
16082 16083
16083 16084
16084 16085
16085 16086
16086 16087
16087 16088
16088 16089
16090 16091
16091 16092
16092 16093
16093 16094
16094 16095
16095 16096
16097 16098
16098 16099
16099 16100
16101 16102
16102 16103
16103 16104
16104 16105
16106 16107
16107 16108
16108 16109
16109 16110
16110 16111
16111 16295
16112 16296
16113 16114
16114 16115
16115 16116
16116 16117
16117 16118
16118 16119
16119 16120
16120 16121
16122 16123
16123 16124
16124 16125
16125 16126
16126 16127
16127 16128
16129 16130
16131 16132
16132 16133
16133 16134
16134 16135
16135 16136
16136 16137
16137 16138
16139 16140
16140 16141
16141 16142
16142 16143
16143 16144
16144 16145
16146 16147
16147 16148
16148 16149
16149 16150
16150 16151
16152 16153
16153 16154
16154 16155
16155 16156
16156 16157
16158 16159
16159 16160
16161 16162
16162 16163
16163 16164
16164 16165
16165 16166
16166 16167
16167 16168
16169 16170
16170 16171
16171 16172
16173 16174
16174 16175
16175 16176
16178 16179
16179 16180
16180 16181
16181 16182
16182 16183
16183 16184
16184 16185
16185 16186
16186 16187
16187 16188
16189 16190
16190 16191
16191 16192
16193 16194
16194 16195
16195 16196
16197 16198
16198 16199
16199 16200
16200 16201
16201 16202
16202 16203
16203 16204
16204 16205
16205 16206
16208 16209
16209 16210
16211 16212
16212 16213
16213 16214
16214 16215
16215 16216
16216 16217
16218 16219
16219 16220
16220 16221
16222 16223
16223 16224
16225 16226
16227 16228
16228 16229
16229 16230
16230 16231
16232 16233
16234 16235
16235 16236
16237 16238
16238 16239
16239 16240
16241 16242
16242 16243
16243 16244
16244 16245
16245 16246
16246 16247
16248 16249
16250 16251
16251 16252
16253 16254
16254 16255
16256 16257
16257 16258
16258 16259
16259 16260
16260 16261
16261 16262
16262 16263
16263 16264
16264 16759
16266 16267
16267 16268
16268 16269
16269 16270
16271 16272
16272 16273
16273 16274
16274 16275
16275 16276
16276 16277
16277 16278
16279 16280
16280 16281
16281 16282
16282 16283
16283 16284
16285 16286
16285 18517
16286 25133
16287 16288
16288 16289
16290 16291
16291 16292
16292 16293
16293 16294
16294 16295
16295 16296
16297 16298
16299 16300
16300 16301
16302 16303
16303 16304
16304 16305
16305 16306
16307 16308
16308 16309
16309 16310
16310 16714
16311 16312
16313 16314
16314 16315
16315 16316
16316 16317
16317 16318
16318 16319
16319 16320
16320 16321
16321 16322
16322 16323
16323 16324
16325 16326
16326 16327
16327 16328
16328 16329
16329 16330
16330 16331
16331 16332
16332 16333
16334 16335
16335 16336
16336 16337
16337 16338
16338 16339
16339 16340
16341 16342
16342 16343
16343 16344
16345 16346
16346 16347
16347 16348
16349 16350
16350 16351
16351 16352
16352 16353
16353 16354
16355 16356
16356 16357
16357 16358
16358 16359
16359 16360
16360 16361
16362 16363
16363 16364
16364 16365
16365 16366
16366 16367
16367 16368
16368 16369
16369 16370
16370 16371
16372 16373
16373 16374
16374 16375
16376 16377
16378 16379
16379 16380
16380 16381
16381 16382
16383 16384
16384 16385
16385 16386
16386 16387
16388 16389
16389 16390
16390 16391
16391 16392
16392 16393
16393 16394
16394 16395
16396 16397
16397 16398
16399 16400
16400 16401
16402 16403
16403 16404
16405 16406
16406 16407
16407 16408
16408 16409
16409 16410
16410 16411
16411 16412
16412 16413
16413 16414
16415 16416
16416 16417
16417 16418
16419 16420
16420 16421
16421 16422
16422 16423
16423 16424
16424 16425
16425 16426
16426 16427
16427 16428
16428 16429
16429 16430
16430 16431
16431 16432
16432 16433
16434 16435
16436 16437
16437 16438
16438 16439
16439 16440
16440 16441
16441 16442
16443 16444
16444 16445
16445 16446
16446 16447
16447 16448
16449 16450
16450 16451
16451 16452
16452 16453
16453 16454
16454 16455
16456 16457
16457 16458
16458 16459
16459 16460
16461 16462
16462 16463
16463 16464
16464 16465
16465 16466
16466 16467
16467 16468
16468 16469
16469 16470
16471 16472
16472 16473
16473 16474
16474 16475
16475 16476
16476 16477
16477 16478
16478 16479
16480 16481
16481 16482
16483 16484
16484 16485
16486 16487
16487 16488
16489 16490
16490 16491
16491 16492
16493 16494
16494 16495
16495 16496
16496 16497
16497 16498
16498 16499
16500 16501
16501 16502
16502 16503
16504 16505
16505 16506
16506 16507
16507 16508
16508 16509
16509 16510
16511 16512
16512 16513
16513 16514
16514 16515
16515 16516
16516 16517
16517 16518
16519 16520
16520 16521
16521 16522
16524 16525
16526 16527
16527 16528
16528 16529
16529 16530
16531 16532
16532 16533
16533 16534
16534 16535
16536 16537
16537 16538
16539 16738
16540 16541
16541 16542
16542 16543
16543 16544
16544 16545
16545 16546
16547 16548
16548 16549
16549 16550
16550 16551
16551 16552
16552 16553
16553 16554
16554 16555
16556 16557
16557 16558
16558 16559
16559 16560
16560 16561
16561 16562
16562 16563
16564 16565
16565 16566
16566 16567
16567 16568
16568 16569
16569 16570
16570 16571
16571 16572
16572 16573
16574 16575
16575 16576
16576 16577
16577 16578
16578 16579
16579 16580
16580 16581
16581 16582
16582 16583
16583 16584
16586 16587
16588 16589
16589 16590
16592 16593
16594 16595
16595 16596
16596 16597
16597 16598
16598 16599
16599 16600
16601 16602
16602 16603
16604 16605
16605 16606
16606 16607
16609 16610
16611 16612
16612 16613
16613 16614
16614 16615
16615 16616
16616 16617
16617 16618
16618 16619
16619 16620
16621 16622
16623 16624
16625 16626
16626 16627
16627 16628
16629 16630
16630 16631
16632 16633
16633 16634
16635 16636
16636 16637
16637 16638
16638 16639
16640 16641
16641 16642
16642 16643
16643 16644
16644 16645
16646 16647
16647 16648
16648 16649
16649 16650
16650 16651
16651 16652
16653 16654
16654 16655
16657 16658
16660 16661
16661 16662
16662 16663
16663 25931
16663 27068
16663 17856
16664 16665
16665 16666
16666 16667
16667 16668
16668 16669
16669 16670
16670 16671
16671 23074
16672 16673
16673 16674
16674 16675
16676 16677
16677 16678
16678 16679
16679 16680
16680 16681
16681 16682
16682 16683
16683 16684
16685 16686
16686 16687
16687 16688
16689 16690
16690 16691
16691 16692
16692 16693
16694 16695
16695 16696
16697 16698
16698 16699
16700 16701
16701 16702
16703 16704
16704 16705
16705 16706
16706 16707
16708 16709
16709 16710
16710 16711
16711 16712
16712 24756
16713 16714
16714 16715
16716 16717
16717 16718
16718 16719
16720 16721
16721 16722
16722 16723
16724 16725
16726 16727
16727 16728
16732 16733
16733 16734
16734 16735
16735 16736
16736 16737
16737 16738
16738 16739
16739 16740
16740 23452
16740 25872
16741 16742
16743 16744
16744 16745
16745 16746
16746 23452
16747 16748
16748 16749
16749 16750
16750 16751
16755 16756
16756 16757
16757 16758
16759 16760
16760 16761
16761 16762
16763 16764
16765 16766
16766 16767
16768 16769
16769 16770
16770 16771
16772 16773
16773 16774
16775 16776
16777 16778
16778 16779
16779 16780
16780 16781
16782 16783
16785 16786
16786 16787
16787 16788
16788 16789
16789 16790
16790 16791
16790 22448
16792 16793
16793 16794
16794 16795
16795 16796
16799 16800
16800 16801
16802 16803
16806 16807
16809 16810
16810 16811
16811 16812
16813 16814
16814 16815
16816 16817
16818 16819
16819 16820
16820 16821
16822 16823
16823 16824
16824 16825
16826 16827
16830 16831
16831 16832
16833 16834
16834 16835
16839 16840
16840 16841
16842 16843
16843 16844
16846 16847
16847 16848
16848 16849
16849 16850
16850 16851
16853 16854
16855 16856
16856 16857
16857 16858
16859 16860
16861 16862
16863 16864
16864 16865
16865 16866
16867 16868
16868 16869
16869 16870
16870 16871
16871 16872
16872 16873
16874 16875
16875 16876
16876 16877
16877 16878
16878 16879
16879 16880
16881 16882
16882 16883
16883 16884
16884 16885
16885 16886
16887 16888
16888 16889
16889 16890
16890 16891
16891 16892
16893 16894
16895 16896
16896 16897
16897 16898
16899 16900
16900 16901
16901 16902
16902 16903
16904 16905
16905 16906
16907 16908
16907 25878
16908 16909
16909 16910
16910 16911
16911 16912
16913 16914
16914 16915
16915 16916
16916 16917
16917 16918
16918 26336
16919 16920
16920 16921
16922 16923
16923 16924
16924 16925
16925 16926
16927 16928
16928 16929
16929 16930
16931 16932
16932 16933
16933 16934
16934 16935
16935 16936
16936 16937
16937 16938
16938 16939
16940 16941
16942 16943
16943 16944
16944 16945
16945 16946
16946 16947
16947 16948
16949 16950
16950 16951
16951 16952
16952 16953
16953 16954
16954 16955
16955 16956
16956 16957
16958 16959
16959 16960
16960 16961
16962 16963
16963 16964
16964 16965
16965 16966
16966 16967
16967 16968
16969 16970
16970 16971
16971 16972
16972 16973
16973 16974
16975 16976
16976 16977
16977 16978
16978 16979
16979 16980
16981 16982
16982 16983
16983 16984
16984 16985
16985 16986
16986 16987
16987 16988
16988 16989
16989 16990
16991 16992
16992 16993
16993 16994
16994 16995
16995 16996
16997 16998
16998 16999
16999 17000
17001 17002
17003 17004
17004 17005
17005 17006
17006 17007
17007 17008
17008 17009
17009 17010
17010 17011
17011 17012
17013 17014
17013 27001
17013 25780
17014 17015
17015 17016
17016 17017
17017 17018
17018 17019
17019 17020
17021 17022
17022 17023
17023 17024
17025 17026
17027 17028
17027 25780
17028 17029
17029 17030
17030 17031
17031 17032
17033 17034
17034 17035
17035 17036
17036 17037
17037 17038
17038 17039
17039 17040
17041 17042
17043 17044
17044 17045
17045 17046
17047 17048
17049 17050
17050 17051
17051 22532
17052 17053
17054 17055
17055 17056
17057 17058
17058 17059
17060 17061
17061 17062
17062 17063
17063 17064
17065 17066
17066 17067
17067 17068
17069 17070
17070 17071
17071 17072
17072 17073
17073 17074
17074 17075
17075 17076
17077 17078
17078 17079
17079 17080
17081 17082
17082 17083
17083 17084
17084 17085
17086 17087
17087 17088
17088 17089
17089 17090
17090 17091
17092 17093
17094 17095
17095 17096
17096 17097
17098 17099
17100 17101
17101 17102
17102 17103
17103 17104
17104 17105
17105 27076
17105 19421
17106 17107
17108 17109
17109 17110
17111 17112
17112 17113
17114 17115
17115 17116
17116 17117
17118 17119
17119 17120
17120 17121
17121 17122
17122 17123
17123 17124
17124 17125
17126 17127
17127 17128
17129 17130
17130 17131
17131 17132
17132 17133
17133 17134
17134 17135
17135 17136
17137 17138
17139 17140
17140 17141
17142 17143
17143 17144
17145 17146
17146 17147
17147 17148
17149 17150
17151 17152
17152 17153
17153 17154
17154 17155
17155 17156
17158 17159
17159 17160
17160 17161
17162 17163
17163 17164
17165 17166
17166 17167
17167 17168
17168 17169
17169 17170
17170 17171
17172 17173
17173 17174
17174 17175
17175 17176
17177 17178
17178 17179
17179 17180
17180 17181
17181 17182
17183 17184
17184 17185
17186 17187
17187 17188
17188 17189
17189 17190
17191 17192
17192 17193
17193 17194
17194 17195
17195 17196
17196 17197
17197 17198
17199 17200
17200 17201
17201 17202
17202 17203
17203 17204
17205 17206
17206 17207
17207 17208
17209 17210
17210 17211
17212 17213
17213 17214
17215 17216
17218 17219
17219 17220
17221 17222
17222 17223
17224 17225
17225 17226
17227 17228
17228 17229
17229 17230
17231 17232
17237 17238
17238 17239
17239 17240
17240 17241
17241 17242
17243 17244
17244 17245
17245 17246
17247 17248
17248 17249
17249 17250
17250 17251
17251 17252
17251 24991
17252 25972
17253 17254
17254 17255
17255 23228
17256 17257
17257 17258
17258 17259
17259 17260
17261 17262
17262 17263
17263 17264
17264 17265
17266 17267
17267 17268
17268 17269
17269 17270
17270 17271
17272 17273
17273 17274
17275 17276
17276 17277
17277 17278
17278 17279
17279 17280
17280 17281
17281 17282
17283 17284
17284 17285
17285 17286
17286 17287
17287 17288
17288 17289
17289 17290
17290 17291
17291 17292
17292 17293
17293 17294
17294 17295
17295 17296
17296 17297
17297 17298
17300 17301
17301 17302
17302 17303
17303 17304
17304 17305
17306 17307
17307 17308
17308 17309
17309 17310
17310 17311
17311 17312
17312 17313
17313 17314
17315 17316
17316 17317
17317 17318
17318 17319
17319 17320
17320 17321
17321 17322
17322 17323
17323 17324
17324 17325
17325 17326
17326 17327
17327 17328
17328 17329
17329 17330
17330 17331
17331 17332
17332 17333
17333 17334
17334 17335
17336 17337
17337 17338
17339 17340
17340 17341
17341 17342
17342 17343
17343 17344
17344 17345
17345 17346
17346 17347
17348 17349
17349 17350
17350 17351
17351 17352
17352 17353
17353 17354
17354 17355
17355 17356
17357 17358
17358 17359
17359 17360
17360 17361
17362 17363
17363 17364
17364 17365
17365 17366
17366 17367
17367 17368
17368 17369
17369 17370
17371 17372
17372 17373
17373 17374
17375 17376
17376 17377
17377 17378
17378 17379
17379 17380
17380 17381
17381 17382
17382 17383
17383 17384
17384 17385
17385 17386
17387 17388
17389 17390
17390 17391
17391 17392
17392 17393
17393 17394
17395 17396
17396 17397
17397 17398
17398 17399
17399 17400
17400 17401
17401 17402
17402 17403
17403 17404
17404 17405
17405 17406
17407 17408
17408 17409
17409 17410
17411 17412
17412 17413
17413 17414
17414 17415
17415 17416
17416 17417
17418 17419
17419 17420
17420 17421
17421 17422
17422 17423
17423 17424
17424 17425
17425 17426
17426 17427
17427 17428
17428 17429
17430 17431
17431 17432
17432 17433
17433 17434
17434 17435
17435 17436
17437 17438
17438 17439
17439 17440
17440 17441
17441 17442
17442 17443
17443 17444
17444 17445
17445 17446
17447 17448
17448 17449
17449 17450
17450 17451
17452 17453
17453 17454
17454 17455
17455 17456
17457 17458
17458 17459
17459 17460
17460 17461
17461 17462
17462 17463
17464 17465
17465 17466
17466 17467
17467 17468
17468 17469
17469 17470
17470 17471
17471 17472
17472 17473
17473 17474
17474 17475
17475 17476
17477 17478
17478 17479
17479 17480
17480 17481
17481 17482
17482 17483
17483 17484
17485 17486
17486 17487
17487 17488
17488 17489
17489 17490
17490 17491
17491 17492
17493 17494
17494 17495
17495 17496
17496 17497
17497 17498
17498 17499
17499 17500
17500 17501
17501 17502
17502 17503
17503 17504
17504 17505
17505 17506
17506 17507
17507 17508
17508 17509
17509 17510
17510 17511
17511 17512
17512 17513
17514 17515
17515 17516
17516 17517
17517 17518
17518 17519
17520 17521
17521 17522
17522 17523
17525 17526
17527 17528
17528 17529
17530 17531
17531 17532
17532 17533
17533 17534
17534 17535
17536 17537
17537 17538
17538 17539
17539 17540
17540 17541
17541 17542
17542 17543
17545 17546
17546 17547
17547 17548
17549 17550
17551 17552
17552 17553
17553 17554
17554 17555
17556 17557
17557 17558
17558 17559
17559 17560
17561 17562
17562 17563
17563 17564
17565 17566
17566 17567
17567 17568
17569 17570
17570 17571
17571 17572
17572 17573
17573 17574
17575 17576
17577 17578
17578 17579
17580 17581
17582 17583
17583 17584
17584 17585
17585 17586
17587 17588
17588 17589
17589 17590
17590 17591
17592 17593
17593 17594
17594 17595
17596 17597
17598 17599
17599 17600
17600 17601
17601 17602
17602 17603
17603 17604
17605 17606
17606 17607
17607 17608
17608 17609
17609 17610
17610 17611
17611 17612
17613 17614
17615 17616
17618 17619
17619 17620
17620 17621
17621 17622
17622 17623
17623 17624
17624 17625
17626 17627
17627 17628
17629 17630
17631 17632
17632 17633
17633 17634
17635 17636
17637 17638
17638 17639
17641 17642
17642 17643
17644 17645
17646 17647
17647 17648
17648 17649
17649 17650
17650 17651
17651 17652
17652 17653
17654 17655
17656 17657
17659 17660
17660 17661
17661 17662
17662 17663
17664 17665
17665 17666
17666 17667
17667 17668
17669 17670
17670 17671
17671 17672
17674 17675
17675 17676
17676 17677
17678 17679
17679 17680
17680 17681
17681 17682
17683 17684
17684 17685
17685 17686
17686 17687
17687 17688
17688 17689
17689 17690
17690 17691
17691 17692
17692 17693
17694 17695
17695 17696
17696 17697
17697 17698
17699 17700
17700 17701
17701 17702
17702 17703
17703 17704
17705 17706
17706 17707
17707 17708
17708 17709
17709 17710
17710 17711
17713 17714
17714 17715
17716 17717
17718 17719
17719 17720
17721 17722
17722 17723
17723 17724
17724 17725
17726 17727
17727 17728
17728 17729
17729 17730
17730 17731
17731 17732
17732 17733
17733 17734
17735 17736
17736 17737
17737 17738
17738 17739
17739 17740
17740 17741
17741 17742
17742 17743
17744 17745
17745 17746
17746 17747
17747 17748
17748 17749
17749 17750
17750 17751
17751 17752
17752 17753
17753 17754
17754 17755
17755 17756
17756 17757
17757 17758
17758 17759
17759 17760
17760 17761
17762 17763
17763 17764
17764 17765
17765 17766
17766 17767
17767 17768
17768 17769
17769 17770
17770 17771
17771 17772
17773 17774
17774 17775
17775 17776
17776 17777
17777 17778
17779 17780
17780 17781
17781 17782
17782 17783
17783 17784
17784 17785
17785 17786
17787 17788
17788 17789
17791 17792
17792 17793
17793 17794
17794 17795
17795 17796
17796 17797
17797 17798
17798 17799
17799 17800
17800 17801
17801 17802
17802 17803
17803 27054
17803 25784
17804 17805
17805 17806
17806 17807
17807 17808
17808 17809
17809 17810
17810 17811
17811 17812
17812 17813
17813 17814
17815 17816
17816 17817
17817 17818
17818 17849
17819 17820
17820 17821
17821 17822
17822 17823
17823 17824
17824 17825
17825 17826
17826 17827
17827 17828
17828 17829
17829 17830
17831 17832
17832 17833
17833 17834
17834 17835
17836 17837
17837 17838
17838 17839
17839 17840
17840 17841
17842 17843
17843 17844
17844 17845
17845 17846
17847 17848
17849 17850
17850 17851
17851 17852
17852 17853
17853 17854
17854 17855
17855 17856
17858 17859
17859 17860
17860 17861
17861 17862
17863 17864
17864 17865
17865 17866
17867 17868
17868 17869
17868 22498
17869 17870
17870 17871
17871 17872
17872 17873
17874 17875
17875 17876
17876 17877
17877 17878
17878 17879
17880 17881
17881 17882
17883 17884
17884 17885
17885 17886
17886 17887
17887 17888
17888 17889
17889 17890
17890 17891
17891 17892
17893 17894
17894 17895
17895 17896
17896 17897
17897 26517
17898 17899
17900 17901
17901 17902
17902 17903
17904 17905
17906 17907
17907 17908
17908 17909
17909 17910
17911 17912
17912 17913
17913 17914
17914 17915
17915 17916
17917 17918
17918 17919
17920 17921
17921 17922
17923 17924
17924 17925
17926 17927
17927 17928
17928 17929
17930 17931
17931 17932
17932 17933
17933 17934
17934 17935
17935 17936
17936 17937
17939 17940
17940 17941
17941 17942
17942 17943
17943 17944
17945 17946
17946 17947
17947 17948
17949 17950
17950 17951
17951 17952
17952 17953
17953 17954
17954 17955
17955 17956
17956 17957
17957 17958
17958 17959
17959 17960
17960 17961
17962 17963
17963 17964
17964 17965
17965 17966
17966 17967
17967 17968
17969 17970
17970 17971
17971 17972
17974 17975
17975 17976
17977 17978
17978 17979
17980 17981
17981 17982
17982 17983
17983 17984
17984 17985
17986 17987
17987 17988
17989 17990
17990 17991
17991 17992
17992 17993
17993 17994
17994 17995
17995 17996
17997 17998
17999 18000
18000 18001
18001 18002
18003 18004
18004 18005
18006 18007
18008 18009
18011 18012
18012 18013
18013 18014
18015 18016
18016 18017
18017 18018
18018 18019
18020 18021
18021 18022
18022 18023
18024 18025
18026 18027
18027 18028
18028 18029
18030 18031
18031 18032
18033 18034
18035 18036
18037 18038
18038 18039
18040 18041
18041 18042
18042 18043
18043 18044
18044 18045
18045 18046
18047 18048
18048 18049
18049 18050
18050 18051
18052 18053
18053 18054
18054 18055
18055 18056
18056 18057
18058 18059
18059 18060
18060 18061
18061 18062
18062 18063
18064 18065
18065 18066
18066 18067
18067 18068
18068 18069
18069 18070
18070 18071
18072 18073
18073 18074
18074 18075
18075 18076
18076 26279
18077 18078
18078 18079
18079 18080
18080 18081
18082 18083
18083 18084
18086 18087
18087 18088
18089 18090
18090 18091
18091 18092
18093 18094
18094 18095
18095 18096
18096 18097
18097 18098
18098 18099
18099 18100
18100 18101
18102 18103
18103 18104
18105 18106
18106 18107
18108 18109
18110 18111
18111 18112
18112 18113
18113 18114
18114 18115
18115 18116
18117 18118
18118 18119
18119 18120
18120 18121
18122 18123
18123 18124
18124 18125
18126 18127
18127 18128
18128 18129
18130 18131
18131 18132
18132 18133
18133 18134
18134 26902
18135 18136
18136 18137
18137 18138
18138 18139
18139 18140
18140 18141
18141 24583
18141 26274
18142 18143
18144 18145
18145 18146
18146 18147
18147 18148
18150 18151
18151 18152
18152 18153
18154 18155
18155 18156
18156 18157
18158 18159
18159 18160
18160 18161
18161 18162
18163 18164
18164 18165
18167 18168
18168 18169
18169 18170
18170 18171
18171 18172
18172 18173
18174 18175
18175 18176
18176 18177
18178 18179
18179 18180
18180 18181
18182 18183
18183 18184
18185 18186
18186 18187
18187 18188
18189 18190
18190 18191
18191 18192
18192 18193
18194 18195
18195 18196
18196 18197
18198 18199
18199 18200
18200 18201
18203 18204
18204 18205
18205 18206
18207 18208
18208 18209
18209 18210
18210 18211
18212 18213
18214 18215
18215 18216
18216 18217
18217 18218
18218 18219
18219 18220
18220 18221
18222 18223
18223 18224
18225 18226
18226 18227
18228 18229
18230 18231
18231 18232
18234 18235
18235 18236
18236 18237
18238 18239
18239 18240
18241 18242
18242 18243
18243 18244
18244 26955
18247 18248
18248 18249
18249 18250
18255 18256
18256 18257
18257 18258
18260 18261
18261 18262
18263 18264
18266 18267
18267 18268
18268 18269
18269 18270
18270 18271
18271 18272
18272 27082
18273 18274
18274 18275
18276 18277
18277 18278
18278 26362
18279 18280
18280 18281
18281 18282
18282 18283
18283 18284
18284 18285
18285 18286
18286 18287
18287 18288
18288 18289
18289 18290
18290 18291
18291 18292
18292 18293
18293 18294
18294 18295
18295 18296
18297 18298
18298 18299
18302 18303
18303 18304
18304 18305
18305 18306
18306 18307
18307 18308
18309 18310
18312 18313
18313 18314
18314 18315
18315 18316
18317 18318
18318 18319
18319 18320
18321 18322
18322 18323
18323 18324
18324 18325
18325 18326
18326 18327
18327 18328
18328 18329
18329 18330
18330 18331
18331 18332
18332 18333
18333 18334
18335 18336
18336 18337
18337 18338
18339 18340
18340 18341
18341 18342
18342 18343
18343 18344
18344 18345
18345 18346
18346 18347
18348 18349
18350 18351
18351 18352
18353 18354
18354 18355
18355 18356
18356 18357
18357 18358
18359 18360
18360 18361
18361 18362
18362 18363
18363 18364
18364 18365
18365 18366
18366 18367
18367 18368
18368 18369
18369 18370
18370 18371
18372 18373
18373 18374
18374 18375
18375 18376
18376 18377
18378 18379
18381 18382
18382 18383
18383 18384
18385 18386
18387 18388
18388 18389
18389 18390
18391 18392
18392 18393
18393 18394
18394 18395
18395 18396
18396 18397
18397 18398
18398 18399
18399 18400
18400 18401
18401 18402
18404 18405
18405 18406
18407 18408
18408 18409
18409 18410
18410 18411
18411 18412
18412 18413
18413 18414
18414 18415
18415 18416
18416 18417
18417 18418
18418 18419
18419 18420
18421 18422
18422 18423
18423 18424
18424 18425
18425 18426
18428 18429
18429 18430
18430 18431
18431 18432
18432 18433
18433 18434
18434 18435
18436 18437
18438 18439
18439 18440
18441 18442
18442 18443
18443 18444
18444 18445
18445 18446
18446 18447
18447 18448
18449 18450
18450 18451
18451 18452
18452 18453
18453 18454
18455 18456
18456 18457
18457 18458
18458 18459
18459 18460
18460 18461
18461 18462
18462 18463
18463 18464
18464 18465
18465 18466
18466 18467
18468 18469
18469 18470
18470 18471
18471 18472
18472 18473
18473 18474
18474 18475
18475 18476
18476 18477
18478 18479
18479 18480
18480 18481
18481 18482
18482 18483
18483 18484
18484 18485
18485 18486
18486 18487
18488 18489
18490 18491
18491 18492
18492 18493
18493 18494
18494 18495
18495 18496
18496 18497
18497 18498
18498 18499
18499 18500
18500 18501
18502 18503
18503 18504
18504 18505
18505 18506
18507 18508
18508 18509
18509 18510
18511 18512
18512 18513
18513 18514
18515 18516
18516 18517
18517 18518
18518 18519
18519 18520
18520 18521
18521 18522
18522 18523
18523 18524
18525 18526
18526 18527
18527 18528
18528 18529
18529 18530
18530 18531
18531 18532
18532 18533
18533 18534
18534 18535
18535 18536
18536 18537
18537 18538
18538 18539
18539 18540
18540 18541
18541 18542
18542 18543
18544 18545
18545 18546
18546 18547
18548 18549
18549 18550
18550 18551
18551 18552
18552 18553
18553 18554
18554 18555
18555 18556
18556 18557
18558 18559
18559 18560
18560 18561
18561 18562
18562 18563
18564 18565
18565 18566
18566 18567
18567 18568
18568 18569
18570 18571
18571 18572
18572 18573
18573 18574
18574 18575
18576 18577
18577 18578
18578 18579
18580 18581
18581 18582
18582 18583
18583 18584
18584 18585
18585 18586
18586 18587
18587 18588
18588 18589
18589 18590
18590 18591
18591 18592
18592 18593
18594 18595
18595 18596
18596 18597
18597 18598
18598 18599
18599 18600
18600 18601
18601 18602
18602 18603
18603 18604
18604 18605
18605 18606
18606 18607
18607 18608
18609 18610
18611 18612
18612 18613
18613 18614
18614 18615
18615 18616
18616 18617
18617 18618
18618 18619
18619 18620
18620 18621
18621 18622
18622 18623
18623 18624
18624 18625
18625 18626
18626 18627
18627 18628
18628 18629
18629 18630
18630 18631
18631 18632
18632 18633
18633 18634
18634 18635
18635 18636
18636 18637
18637 18638
18638 18639
18639 18640
18640 18641
18641 18642
18642 18643
18643 18644
18644 18645
18645 18646
18646 18647
18647 18648
18649 18650
18650 18651
18651 18652
18652 18653
18653 18654
18654 18655
18655 18656
18656 18657
18658 18659
18659 18660
18660 18661
18662 18663
18663 18664
18664 18665
18665 18666
18666 18667
18668 18669
18669 18670
18670 18671
18671 18672
18673 18674
18674 18675
18675 18676
18676 18677
18678 18679
18679 18680
18680 18681
18681 18682
18682 18683
18683 18684
18684 18685
18685 18686
18686 18687
18687 18688
18688 18689
18689 18690
18690 18691
18691 18692
18692 18693
18694 18695
18695 18696
18696 18697
18697 18698
18698 18699
18699 18700
18700 18701
18701 18702
18703 18704
18705 18706
18707 18708
18708 18709
18709 18710
18710 18711
18711 18712
18712 18713
18714 18715
18715 18716
18716 18717
18718 18719
18719 18720
18721 18722
18722 18723
18723 18724
18724 18725
18725 18726
18726 18727
18727 18728
18728 18729
18729 18730
18730 18731
18731 18732
18732 18733
18734 18735
18735 18736
18737 18738
18738 18739
18739 18740
18740 18741
18741 18742
18742 18743
18744 18745
18745 18746
18746 18747
18747 18748
18748 18749
18749 18750
18750 18751
18752 18753
18753 18754
18754 18755
18755 18756
18757 18758
18758 18759
18759 18760
18760 18761
18761 18762
18762 18763
18763 18764
18764 18765
18765 18766
18766 18767
18768 18769
18769 18770
18770 18771
18771 18772
18773 18774
18774 18775
18775 18776
18776 18777
18777 18778
18779 18780
18780 18781
18782 18783
18783 18784
18785 18786
18786 18787
18787 18788
18788 18789
18790 18791
18791 18792
18794 18795
18795 18796
18796 18797
18797 18798
18800 18801
18801 18802
18803 18804
18805 18806
18806 18807
18808 18809
18809 18810
18810 18811
18811 18812
18813 18814
18814 18815
18815 18816
18816 18817
18818 18819
18821 18822
18822 18823
18824 18825
18825 18826
18825 23083
18827 18828
18828 18829
18829 18830
18830 18831
18831 18832
18833 18834
18834 18835
18835 18836
18836 18837
18838 19838
18839 18840
18840 18841
18842 18843
18843 18844
18844 18845
18845 18846
18846 18847
18847 18848
18848 18849
18850 18851
18851 18852
18852 18853
18854 18855
18855 18856
18856 18857
18857 18858
18858 18859
18859 18860
18860 18861
18861 18862
18862 18863
18863 18864
18864 18865
18866 18867
18867 18868
18868 18869
18869 18870
18871 18872
18872 18873
18873 18874
18874 18875
18875 18876
18876 18877
18878 18879
18879 18880
18880 18881
18882 18883
18883 18884
18885 18886
18886 18887
18887 18888
18889 18890
18890 18891
18892 18893
18893 18894
18894 18895
18896 18897
18897 18898
18899 18900
18901 18902
18902 18903
18903 18904
18904 18905
18906 18907
18908 18909
18909 18910
18910 18911
18911 18912
18912 18913
18913 18914
18914 18915
18916 18917
18917 18918
18919 18920
18920 18921
18921 18922
18922 18923
18923 18924
18924 18925
18925 18926
18926 18927
18927 18928
18928 18929
18930 18931
18931 18932
18932 18933
18933 18934
18934 18935
18935 18936
18936 18937
18937 18938
18938 18939
18939 18940
18940 18941
18942 18943
18943 18944
18944 18945
18945 18946
18946 18947
18948 18949
18949 18950
18950 18951
18951 18952
18953 18954
18954 18955
18955 18956
18956 18957
18957 18958
18959 18960
18960 18961
18961 18962
18962 18963
18963 18964
18964 18965
18965 18966
18966 18967
18967 18968
18968 18969
18969 18970
18971 18972
18972 18973
18973 18974
18974 18975
18975 18976
18976 18977
18978 18979
18980 18981
18981 18982
18983 18984
18984 18985
18985 18986
18986 18987
18987 18988
18988 18989
18989 18990
18990 18991
18991 18992
18993 18994
18994 18995
18995 18996
18996 18997
18997 18998
18999 19000
19000 19001
19001 19002
19002 19003
19003 19004
19004 19005
19006 19007
19007 19008
19008 19009
19009 19010
19010 19011
19011 19012
19013 19014
19014 19015
19015 19016
19016 19017
19017 19018
19018 19019
19020 19021
19021 19022
19023 19024
19024 19025
19025 19026
19026 19027
19027 19028
19028 19029
19029 19030
19030 19031
19032 19033
19033 19034
19034 19035
19035 19036
19036 19037
19037 19038
19038 19039
19039 19040
19040 19041
19042 19043
19043 19044
19045 19046
19046 19047
19048 19049
19049 19050
19050 19051
19051 19052
19052 19053
19054 19055
19055 19056
19056 19057
19057 19058
19059 19060
19060 19061
19062 19063
19063 19064
19064 19065
19065 19066
19067 19068
19068 19069
19069 19070
19070 19071
19072 19073
19074 19075
19075 19076
19076 19077
19077 19078
19078 19079
19079 19080
19080 19081
19081 19082
19082 19083
19084 19085
19085 19086
19087 19088
19088 19089
19089 19090
19090 19091
19092 19093
19092 19152
19093 19094
19094 19095
19096 19097
19097 19098
19098 19099
19099 19100
19100 19101
19101 19102
19102 19103
19104 19105
19105 19106
19106 19107
19107 19108
19108 19109
19110 19111
19111 19112
19112 19113
19113 19114
19114 19115
19117 19118
19118 19119
19119 19120
19121 19122
19122 19123
19124 19125
19125 19126
19126 19127
19128 19129
19129 19130
19131 19132
19132 19133
19134 19135
19135 19136
19136 19137
19137 19138
19138 19139
19139 19140
19140 19141
19141 19142
19142 19143
19144 19145
19145 19146
19146 19147
19147 19148
19149 19150
19150 19151
19151 19152
19152 23082
19152 27008
19153 19154
19154 19155
19155 19156
19157 19158
19159 19160
19160 19161
19161 19162
19162 19163
19163 19164
19165 19166
19167 19168
19168 19169
19170 19171
19171 19172
19174 19175
19175 19176
19177 19178
19179 19180
19180 19181
19182 19183
19183 19184
19185 19186
19186 19187
19188 19189
19189 19190
19191 19192
19192 19193
19193 19194
19194 19195
19195 19196
19197 19198
19199 19200
19200 19201
19202 19203
19203 19204
19205 19206
19206 19207
19210 19211
19212 19213
19213 19214
19214 19215
19216 19217
19217 19218
19218 19219
19220 19221
19223 19224
19224 19225
19226 19227
19227 19228
19228 19229
19230 19231
19231 19232
19232 19233
19233 19234
19234 19235
19237 19238
19238 19239
19240 19241
19241 19242
19243 19244
19244 19245
19246 19247
19247 19248
19248 19249
19249 19250
19250 19251
19251 19252
19252 19253
19253 19254
19254 19255
19255 19256
19256 19257
19257 19258
19258 19259
19259 19260
19260 19261
19262 19263
19263 19264
19264 19265
19265 19266
19267 19268
19268 19269
19269 19270
19270 19271
19271 19272
19273 19274
19275 19276
19276 19277
19277 19278
19278 19279
19279 19280
19281 19282
19282 19283
19283 19284
19284 19285
19286 19287
19287 19288
19288 19289
19289 19290
19290 19291
19291 19292
19292 19293
19295 19296
19296 19297
19298 19299
19299 19300
19300 19301
19302 19303
19303 19304
19304 19305
19306 19307
19307 19308
19308 19309
19309 19310
19310 19311
19311 19312
19312 19313
19313 19314
19314 19315
19315 19316
19316 19317
19318 19319
19319 19320
19321 19322
19322 19323
19324 19325
19326 19327
19327 19328
19328 19329
19330 19331
19331 19332
19332 19333
19336 19337
19337 19338
19338 19339
19340 19341
19341 19342
19343 19344
19344 19345
19345 19346
19347 19348
19348 19349
19349 19350
19350 19351
19351 19352
19352 19353
19354 19355
19355 19356
19356 19357
19357 19358
19358 19359
19359 19360
19360 26395
19362 19363
19363 19364
19364 19365
19365 19366
19366 19367
19367 19368
19369 19370
19370 19371
19372 19373
19373 19374
19374 26395
19375 19376
19376 19377
19377 19378
19379 19380
19380 19381
19381 19382
19382 19383
19383 19384
19385 19386
19386 19387
19387 19388
19388 19389
19389 19390
19390 19391
19391 26071
19391 26949
19392 19393
19393 19394
19394 19395
19395 19396
19397 19398
19398 19399
19400 19401
19401 19402
19403 19404
19404 19405
19405 19406
19406 19407
19407 19408
19410 19411
19410 23234
19411 19412
19412 19413
19413 19414
19414 19415
19415 19416
19416 22574
19417 19418
19418 19419
19419 19420
19420 19421
19421 26377
19422 19423
19423 19424
19424 19425
19425 19426
19426 19427
19428 19429
19429 19430
19431 19432
19432 19433
19433 19434
19434 19435
19435 19436
19436 19437
19438 19439
19439 19440
19441 19442
19441 19515
19442 19443
19443 19444
19444 19445
19446 19447
19447 19448
19448 19449
19449 19450
19451 19452
19452 19453
19454 19455
19455 19456
19456 19457
19457 19458
19458 19459
19460 19461
19461 19462
19462 19463
19463 19464
19464 19465
19465 19466
19466 19467
19467 19468
19468 26988
19468 27083
19469 19470
19470 19471
19471 19472
19472 19473
19473 19474
19474 19475
19476 19477
19477 19478
19479 19480
19481 19482
19482 19483
19483 19484
19486 19487
19487 19488
19489 19490
19490 19491
19491 19492
19493 19494
19494 19495
19495 19496
19496 19497
19499 19500
19500 19501
19501 19502
19502 19503
19503 19504
19504 19505
19505 19506
19506 19507
19508 19509
19509 19510
19510 19511
19511 19512
19513 19514
19514 19515
19515 19516
19516 20327
19516 26611
19517 19518
19518 19519
19520 19521
19523 19524
19524 19525
19525 19526
19527 19528
19529 19530
19530 19531
19531 19532
19532 19533
19536 19537
19537 19538
19538 19539
19539 19540
19542 19543
19544 19545
19545 19546
19547 19548
19548 19549
19549 19550
19550 19551
19551 19552
19552 19553
19553 22546
19554 19555
19555 19556
19558 19559
19559 19560
19562 19563
19563 19564
19564 19565
19566 19567
19568 19569
19569 19570
19571 19572
19573 19574
19574 19575
19575 19576
19578 19579
19579 19580
19580 19581
19582 19583
19583 19584
19584 19585
19585 19586
19586 19587
19587 19588
19588 19589
19589 19590
19591 19592
19592 19593
19593 19594
19594 19595
19597 19598
19598 19599
19599 19600
19600 19601
19601 19602
19602 19603
19603 21954
19604 19605
19605 19606
19606 19607
19607 19608
19608 19609
19609 19610
19611 19612
19612 19613
19613 19614
19614 19615
19615 19616
19616 19617
19618 19619
19619 19620
19620 19621
19621 19622
19622 19623
19624 19625
19625 19626
19626 19627
19628 19629
19629 19630
19630 19631
19631 19632
19632 19633
19633 19634
19634 19635
19635 19636
19636 19637
19637 19638
19638 19639
19640 19641
19641 19642
19643 19644
19644 19645
19645 19646
19647 19648
19648 19649
19649 19650
19650 19651
19652 19653
19653 19654
19654 19655
19655 19656
19655 19663
19657 19658
19658 19659
19659 19660
19661 19662
19662 19663
19664 19665
19665 19666
19667 19668
19668 19669
19669 19670
19671 19672
19672 19673
19673 19674
19674 19675
19676 19677
19677 19678
19678 19679
19679 19680
19680 19681
19681 19682
19683 19684
19685 19686
19686 19687
19687 19688
19688 19689
19689 19690
19690 19691
19691 19692
19693 19694
19694 19695
19695 19696
19696 19697
19698 19699
19699 19700
19700 19701
19701 19702
19702 19703
19704 19705
19705 19706
19706 19707
19708 19709
19709 19710
19710 19711
19711 19712
19712 19713
19713 19714
19715 19716
19716 19717
19717 19718
19719 19720
19720 19721
19721 19722
19723 19724
19724 19725
19726 19727
19727 19728
19728 19729
19729 19730
19730 19731
19731 19732
19732 19733
19733 19734
19734 19735
19736 19737
19737 19738
19738 19739
19740 19741
19741 19742
19745 19746
19746 19747
19747 19748
19748 19749
19749 19750
19750 19751
19752 19753
19753 19754
19754 19755
19755 19756
19757 19758
19758 19759
19759 19760
19760 19761
19762 19763
19763 19764
19764 19765
19765 19766
19766 19767
19768 19769
19770 19771
19771 19772
19772 19773
19773 19774
19774 19775
19775 19776
19776 19777
19778 19779
19779 19780
19780 19781
19781 19782
19783 19784
19785 19786
19786 19787
19787 19788
19788 19789
19790 19791
19791 19792
19792 19793
19793 19794
19794 19795
19795 19796
19796 19797
19797 19798
19798 19799
19799 19800
19800 19801
19802 19803
19804 19805
19805 19806
19806 19807
19807 19808
19808 19809
19809 19810
19809 26386
19811 19812
19812 19813
19813 19814
19814 19815
19815 19816
19816 19817
19817 19818
19818 19819
19819 19820
19820 19821
19821 19822
19822 19823
19823 19824
19824 19825
19825 19826
19826 19827
19827 19828
19828 19829
19829 19830
19831 19832
19833 19834
19835 19836
19836 19837
19837 19841
19838 19839
19839 19840
19840 19841
19842 19843
19843 19844
19844 19845
19845 19846
19847 19848
19849 19850
19850 19851
19851 19852
19852 19853
19853 19854
19854 19855
19855 19856
19857 19858
19859 19860
19860 19861
19861 19862
19863 19864
19865 19866
19866 19867
19867 19868
19870 19871
19872 19873
19874 19875
19875 19876
19877 19878
19878 19879
19880 19881
19881 19882
19882 19883
19884 19885
19885 19886
19887 19888
19888 19889
19889 19890
19890 19891
19892 19893
19893 19894
19894 19895
19896 19897
19897 19898
19898 19899
19899 19900
19900 19901
19901 19902
19903 19904
19904 19905
19905 19906
19907 19908
19908 19909
19911 19912
19912 19913
19913 19914
19914 19915
19915 19916
19916 19917
19917 19918
19918 19919
19919 19920
19920 19921
19922 19923
19923 19924
19924 19925
19926 19927
19927 19928
19928 19929
19929 19930
19930 19931
19931 19932
19932 19933
19933 19934
19934 19935
19935 19936
19936 19937
19937 19938
19938 19939
19940 19941
19941 19942
19942 19943
19943 19944
19945 19946
19946 19947
19947 19948
19948 19949
19949 19950
19950 19951
19951 19952
19952 19953
19953 19954
19954 19955
19955 19956
19957 19958
19958 19959
19959 19960
19961 19962
19962 19963
19964 19965
19965 19966
19967 19968
19968 19969
19969 19970
19970 19971
19971 19972
19972 19973
19973 19974
19974 19975
19975 19976
19977 19978
19978 19979
19979 19980
19981 19982
19982 19983
19983 19984
19984 19985
19985 19986
19986 19987
19987 19988
19988 19989
19991 19992
19992 19993
19994 19995
19995 19996
19996 19997
19998 19999
19999 20000
20000 20001
20001 20002
20003 20004
20004 20005
20005 20226
20005 26416
20006 20007
20007 20008
20008 20009
20010 20011
20011 20012
20012 20013
20013 20014
20014 20015
20015 20016
20016 20017
20017 20018
20019 20020
20020 20021
20022 20023
20023 20024
20025 20026
20026 20027
20027 20028
20029 20030
20030 20031
20031 20032
20032 20033
20033 20034
20034 20035
20035 20036
20036 26749
20037 20038
20038 20039
20039 20040
20040 20041
20041 20042
20042 20043
20043 20044
20044 20045
20045 20046
20046 20047
20047 20048
20049 20050
20050 20051
20051 20052
20052 20053
20053 20054
20054 20055
20055 20056
20057 20058
20058 20059
20059 20060
20060 20061
20061 20062
20062 20063
20063 20064
20064 20065
20065 20066
20067 20068
20068 20069
20069 20070
20070 20071
20071 20072
20072 20073
20073 20074
20074 20075
20075 20076
20076 20077
20077 20078
20079 20080
20080 20081
20082 20083
20083 20084
20085 20086
20086 20087
20087 20088
20089 20090
20090 20091
20091 20092
20093 20094
20094 20095
20095 20096
20096 20097
20097 20098
20098 20099
20100 20101
20101 20102
20103 20104
20104 20105
20106 20107
20107 20108
20109 20110
20110 20111
20111 20112
20112 20113
20113 20114
20114 20115
20115 20116
20116 20117
20118 20119
20119 20120
20120 20121
20121 20122
20124 20125
20125 20126
20126 20127
20127 20128
20128 20129
20129 20130
20130 20131
20131 20132
20132 20133
20134 20135
20135 20136
20136 20137
20137 20138
20139 20140
20140 20141
20141 20142
20142 20143
20143 20144
20145 20146
20146 20147
20148 20149
20150 20151
20151 20152
20152 20153
20153 20154
20154 20155
20156 20157
20157 20158
20158 20159
20160 20161
20161 20162
20162 20163
20164 20165
20165 20166
20166 20167
20167 20168
20168 20169
20169 20170
20170 26416
20171 20172
20172 20173
20174 20175
20175 20176
20177 20178
20178 20179
20179 20180
20180 20181
20181 20182
20184 20185
20185 20186
20186 20187
20187 20188
20189 20190
20190 20191
20192 20193
20193 20194
20195 20196
20197 20198
20199 20200
20200 20201
20201 20202
20202 20203
20205 20206
20207 20208
20208 20209
20211 20212
20214 20215
20215 20216
20216 20217
20217 20218
20219 20220
20221 20222
20222 20223
20223 20224
20224 20225
20225 20226
20227 20228
20228 20229
20230 20231
20232 20233
20233 20234
20234 20235
20235 20236
20238 20239
20239 20240
20241 20242
20243 20244
20245 20246
20248 20249
20249 20250
20250 20251
20251 20252
20255 20256
20257 20258
20258 20259
20261 20262
20262 20263
20263 20264
20264 20265
20265 20266
20266 20267
20268 20269
20269 20270
20270 20271
20271 20272
20272 20273
20273 20274
20275 20276
20276 20277
20277 20278
20279 20280
20280 20281
20281 20282
20283 20284
20284 20285
20285 20286
20286 20287
20287 20288
20288 20289
20289 20290
20291 20292
20292 20293
20293 20294
20294 20295
20296 20297
20297 20298
20298 20299
20299 20300
20300 20301
20301 20302
20302 20303
20304 20305
20305 20306
20306 20307
20308 20309
20309 20310
20310 20311
20313 20314
20315 26035
20316 20317
20317 20318
20319 20320
20320 20321
20321 20322
20322 20323
20324 20325
20325 20326
20326 20327
20327 26057
20328 20329
20329 20330
20331 20332
20332 20333
20333 20334
20335 20336
20336 20337
20337 20338
20340 20341
20341 20342
20343 20344
20344 20345
20345 20346
20346 20347
20347 20348
20348 20349
20349 20350
20350 23099
20351 20352
20352 20353
20353 20354
20354 20355
20356 20357
20357 20358
20358 20359
20359 20360
20360 20361
20362 20363
20363 20364
20364 20365
20365 20366
20366 20367
20367 20368
20368 20369
20370 20371
20372 20373
20373 20374
20374 20375
20376 20377
20378 20379
20379 20380
20380 20381
20381 20382
20384 20385
20385 20386
20387 20388
20388 20389
20389 20390
20390 20391
20391 20392
20392 20393
20394 20395
20395 20396
20396 20397
20397 20398
20398 20399
20399 20400
20401 20402
20402 20403
20404 20405
20406 20407
20407 20408
20408 20409
20411 20412
20412 20413
20413 20414
20414 26832
20415 20416
20416 20417
20418 20419
20419 20420
20420 20421
20421 20422
20422 20423
20424 20425
20425 20426
20426 20427
20427 20428
20428 20429
20429 20430
20431 20432
20433 20434
20435 20436
20436 20437
20437 20438
20439 20440
20440 20441
20441 20442
20443 20444
20444 20445
20445 20446
20447 20448
20448 20449
20449 20450
20450 20451
20451 20452
20452 20453
20454 20455
20455 20456
20456 20457
20457 20458
20458 20459
20461 20462
20463 20464
20464 20465
20465 20466
20466 20467
20467 20468
20469 20470
20470 20471
20472 20473
20473 20474
20474 20475
20475 20476
20477 20478
20478 20479
20479 20480
20481 20482
20482 20483
20483 20484
20484 26088
20484 23576
20485 20486
20486 20487
20488 20489
20489 20490
20490 20491
20491 20492
20492 20493
20493 20494
20494 21209
20494 22595
20494 23711
20496 20497
20498 20499
20500 20501
20501 20502
20502 20503
20503 20504
20504 20505
20506 20507
20507 20508
20508 20509
20510 20511
20511 20512
20512 20513
20513 20514
20514 20515
20515 20516
20516 20517
20518 20519
20519 20520
20520 20521
20521 20522
20523 20524
20525 20526
20526 20527
20527 20528
20528 20529
20532 20533
20534 20535
20535 20536
20536 20537
20537 20538
20539 20540
20540 20541
20541 20542
20542 26088
20543 20544
20545 20546
20546 20547
20547 20548
20549 20550
20549 23693
20550 20551
20551 26968
20552 20553
20553 20554
20554 20555
20555 20556
20557 20558
20558 20559
20559 20560
20561 20562
20562 20563
20563 20564
20564 20565
20565 20566
20566 26036
20566 26031
20567 20568
20568 20569
20570 20571
20571 20572
20573 20574
20573 23576
20574 20575
20575 20576
20576 20577
20577 20578
20578 20579
20579 20580
20582 20583
20583 20584
20587 20588
20588 20589
20589 20590
20591 20592
20592 20593
20594 20595
20595 20596
20597 20598
20599 20600
20600 20601
20601 20602
20602 20603
20603 20604
20605 20606
20606 20607
20607 20608
20608 20609
20609 20610
20610 20611
20611 20612
20612 20613
20613 20614
20614 20615
20615 20616
20616 20617
20617 20618
20618 20619
20619 20620
20620 20621
20621 20622
20622 20623
20624 20625
20625 20626
20626 20627
20627 20628
20628 20629
20629 20630
20630 20631
20631 20632
20632 20633
20633 20634
20635 20636
20636 20637
20637 20638
20638 20639
20639 20640
20640 20641
20641 20642
20642 20643
20643 20644
20644 20645
20645 20646
20646 20647
20647 20648
20648 20649
20649 20650
20650 20651
20651 20652
20652 20653
20653 20654
20654 20655
20655 20656
20656 20657
20657 20658
20659 20660
20660 20661
20662 20663
20663 20664
20664 20665
20665 20666
20666 20667
20667 20668
20668 20669
20669 20670
20670 20671
20672 20673
20673 20674
20674 20675
20675 20676
20676 20677
20678 20679
20679 20680
20680 20681
20682 20683
20683 20684
20684 20685
20685 20686
20686 20687
20687 20688
20688 20689
20689 20690
20690 20691
20691 20692
20692 20693
20693 20694
20694 20695
20696 20697
20697 20698
20698 20699
20700 20701
20701 20702
20702 20703
20703 20704
20704 20705
20706 20707
20707 20708
20708 20709
20709 20710
20710 20711
20711 20712
20712 20713
20715 20716
20716 20717
20717 20718
20718 20719
20719 20720
20720 20721
20721 20722
20722 20723
20723 20724
20725 20726
20726 20727
20727 20728
20729 20730
20730 20731
20731 20732
20733 20734
20734 20735
20735 20736
20736 20737
20737 20738
20738 20739
20739 20740
20740 20741
20741 20742
20742 20743
20743 20744
20744 20745
20745 20746
20746 20747
20747 20748
20748 20749
20749 20750
20750 20751
20751 20752
20752 20753
20753 20754
20754 20755
20756 20757
20758 20759
20759 20760
20760 20761
20761 20762
20762 20763
20763 20764
20764 20765
20765 20766
20766 20767
20767 20768
20769 20770
20770 20771
20771 20772
20772 20773
20773 20774
20774 20775
20775 20776
20777 20778
20779 20780
20780 20781
20781 20782
20783 20784
20784 20785
20785 20786
20786 20787
20788 20789
20789 20790
20790 20791
20791 20792
20793 20794
20794 20795
20795 20796
20797 20798
20798 20799
20799 20800
20800 20801
20801 20802
20802 20803
20803 20804
20804 20805
20805 20806
20806 20807
20807 20808
20808 20809
20809 20810
20810 20811
20811 20812
20813 20814
20814 20815
20815 20816
20816 20817
20817 20818
20819 20820
20822 20823
20824 20825
20825 20826
20826 20827
20827 20828
20828 20829
20829 20830
20830 20831
20831 20832
20832 20833
20833 20834
20835 20836
20836 20837
20838 20839
20839 20840
20840 20841
20841 20842
20842 20843
20843 20844
20844 20845
20845 20846
20846 20847
20848 20849
20849 20850
20850 20851
20851 20852
20852 20853
20853 20854
20855 20856
20857 20858
20858 20859
20859 20860
20860 20861
20863 20864
20864 20865
20865 20866
20866 20867
20868 20869
20869 20870
20870 20871
20871 20872
20873 20874
20874 20875
20876 20877
20877 20878
20878 20879
20879 20880
20880 20881
20882 20883
20883 20884
20884 20885
20885 20886
20886 20887
20887 20888
20889 20890
20890 20891
20891 20892
20892 20893
20893 20894
20894 20895
20896 20897
20897 20898
20898 20899
20899 20900
20900 20901
20901 20902
20902 20903
20903 20904
20904 20905
20905 20906
20906 20907
20907 20908
20908 20909
20909 20910
20912 20913
20913 20914
20914 20915
20915 20916
20917 20918
20918 20919
20919 20920
20920 20921
20921 20922
20922 20923
20924 20925
20925 20926
20926 20927
20928 20929
20929 20930
20931 20932
20932 20933
20933 20934
20935 20936
20936 20937
20937 20938
20938 20939
20939 20940
20940 20941
20941 20942
20942 20943
20944 20945
20945 20946
20946 20947
20947 20948
20948 20949
20949 20950
20950 20951
20951 20952
20952 20953
20953 20954
20955 20956
20956 20957
20958 20959
20959 20960
20960 20961
20961 20962
20962 20963
20963 20964
20964 20965
20965 20966
20966 20967
20968 20969
20969 20970
20970 20971
20971 20972
20972 20973
20973 20974
20974 20975
20975 20976
20976 20977
20977 20978
20978 20979
20979 20980
20980 20981
20981 20982
20982 20983
20983 20984
20985 20986
20986 20987
20987 20988
20988 20989
20989 20990
20990 20991
20991 20992
20993 20994
20994 20995
20995 20996
20996 20997
20997 20998
20998 20999
20999 21000
21001 21002
21002 21003
21003 21004
21004 21005
21005 21006
21006 21007
21007 21008
21008 21009
21009 21010
21010 21011
21011 21012
21013 21014
21014 21015
21015 21016
21016 21017
21017 21018
21018 21019
21019 21020
21021 21022
21022 21023
21023 21024
21026 21027
21027 21028
21028 21029
21029 21030
21030 21031
21031 21032
21032 21033
21034 21035
21035 21036
21037 21038
21038 21039
21040 21041
21042 21043
21043 21044
21044 21045
21046 21047
21047 21048
21048 21049
21049 21050
21050 21051
21051 21052
21053 21054
21055 21056
21056 21057
21057 21058
21059 21060
21060 21061
21063 21064
21064 21065
21066 21067
21067 21068
21068 21069
21069 21070
21070 21071
21072 21073
21074 21075
21076 21077
21077 21078
21078 21079
21079 21080
21080 21081
21083 21084
21087 21088
21088 21089
21089 21090
21090 21091
21091 21092
21093 21094
21094 21095
21096 21097
21097 21098
21099 21100
21101 21102
21103 21104
21105 21106
21106 22049
21108 21109
21109 21110
21110 21111
21112 21113
21113 21114
21115 21116
21117 21118
21118 21119
21119 21120
21121 21122
21122 21123
21123 21124
21125 21126
21126 21127
21127 21128
21129 21130
21130 21131
21131 21132
21132 21133
21134 21135
21135 21136
21136 21137
21137 21138
21139 21140
21140 21141
21141 21142
21142 21143
21143 21144
21144 21145
21146 21147
21148 21149
21149 21150
21150 21151
21152 21153
21153 21154
21156 21157
21157 21158
21158 21159
21159 21160
21160 21161
21162 21163
21163 21164
21166 21167
21167 21168
21169 21170
21170 21171
21171 21172
21174 21175
21175 21176
21176 21177
21177 21178
21178 21179
21179 21180
21181 21182
21182 21183
21184 21185
21186 21187
21187 21188
21188 21189
21189 21190
21191 21192
21193 21194
21194 21195
21195 23503
21196 21197
21197 21198
21198 21199
21199 21200
21201 21202
21202 22048
21203 21204
21204 21205
21205 21206
21207 21208
21208 21209
21209 27058
21210 21211
21211 21212
21213 21214
21216 21217
21217 21218
21219 21220
21220 21221
21221 21222
21222 21223
21223 21224
21224 21225
21226 21227
21227 21228
21229 21230
21230 21231
21231 21232
21232 27056
21233 21234
21235 21236
21236 21237
21237 21278
21239 21240
21240 21241
21243 21244
21244 21245
21245 21246
21248 21249
21249 21250
21250 21251
21253 21254
21254 21255
21255 21256
21257 21258
21258 21259
21259 21260
21262 23400
21262 22049
21263 21264
21264 21265
21265 21266
21266 21267
21267 21268
21268 21269
21269 21270
21271 21272
21272 27009
21273 21274
21274 21275
21275 21276
21277 21278
21278 27009
21280 21281
21281 21282
21282 21283
21284 26028
21285 21286
21286 21287
21289 21290
21290 21291
21291 26902
21292 21293
21293 21294
21296 21297
21297 21298
21300 21301
21302 21303
21303 21304
21305 21306
21307 25235
21307 25178
21308 21309
21309 21310
21311 21312
21313 21314
21314 21315
21315 21316
21316 21317
21319 21320
21321 21322
21322 21323
21323 21324
21324 21325
21325 21326
21326 21327
21328 21329
21330 21331
21331 21332
21332 21333
21333 21334
21335 21336
21336 21337
21337 21338
21339 21340
21342 21343
21344 21345
21345 21346
21346 21347
21350 21351
21352 21353
21353 21354
21355 21356
21356 21357
21357 21358
21358 21359
21359 21360
21361 21362
21362 21363
21364 21365
21365 21366
21366 21367
21367 21368
21369 21370
21371 21372
21372 21373
21373 21374
21374 21375
21376 21377
21377 21378
21378 21379
21380 21381
21382 21383
21384 21385
21387 21388
21388 21389
21390 21391
21391 21399
21391 23775
21392 21393
21393 21394
21395 21396
21396 21397
21397 21398
21398 21399
21400 21401
21401 21402
21403 21404
21404 21405
21405 21406
21407 21408
21408 21409
21409 21410
21410 21411
21411 21412
21413 21414
21414 21415
21415 21416
21417 21418
21418 21419
21419 21420
21420 21421
21421 21422
21424 21425
21427 21428
21429 21430
21430 21431
21431 21432
21432 21433
21433 21434
21434 21435
21435 21436
21436 21437
21437 21438
21438 21439
21440 21441
21445 21446
21446 21447
21447 21448
21449 21450
21450 21451
21451 21452
21452 21453
21453 21454
21454 21455
21455 21456
21456 21457
21457 21458
21459 21460
21460 21461
21461 21462
21462 21463
21463 21464
21465 21466
21466 21467
21468 21469
21470 21471
21472 21473
21473 21474
21475 21476
21476 21477
21477 21478
21479 21480
21480 21481
21482 21483
21484 21485
21484 22963
21486 21487
21487 21488
21488 21489
21489 21490
21490 21491
21493 21494
21494 21495
21495 21496
21497 21498
21498 21499
21499 21500
21500 21501
21501 21502
21502 21503
21505 21506
21507 21508
21509 21510
21510 21511
21511 21512
21512 21513
21513 21514
21515 21516
21516 21517
21517 21518
21518 21519
21519 21520
21520 21521
21522 21523
21523 21524
21526 21527
21527 21528
21529 21530
21530 21531
21532 21533
21533 21534
21534 21535
21535 21536
21537 21538
21538 21539
21540 21541
21542 21543
21543 23431
21544 21545
21545 21546
21548 21549
21549 21550
21550 21551
21552 21553
21553 21554
21554 21555
21555 21556
21557 21558
21559 21560
21559 21583
21560 21561
21561 21562
21563 21564
21566 21567
21567 21568
21570 21571
21571 21572
21572 21573
21573 21574
21574 21575
21575 21576
21577 21578
21578 21579
21579 21580
21580 21581
21581 21582
21582 21583
21584 21585
21585 21586
21587 21588
21588 21589
21589 21590
21590 21591
21591 21592
21592 21593
21593 21594
21596 21597
21597 21598
21600 21601
21603 21604
21605 21606
21609 21610
21610 21611
21611 21612
21613 21614
21614 21615
21616 21617
21617 21618
21618 21619
21619 21620
21620 21621
21621 21622
21622 21623
21624 21625
21625 21626
21626 21627
21627 21628
21629 21630
21631 21632
21632 21633
21633 21634
21636 21637
21638 21639
21639 21640
21640 22771
21640 24460
21641 21642
21643 21644
21644 21645
21645 21646
21647 21648
21648 21649
21649 21650
21651 21652
21652 21653
21653 21654
21655 21656
21658 21659
21659 21660
21661 21662
21663 21664
21664 21665
21664 24403
21665 21666
21667 21668
21668 21669
21669 21670
21670 21671
21671 21672
21672 21673
21673 21674
21675 21676
21676 21677
21677 21678
21678 21679
21679 21680
21681 21682
21682 21683
21683 21684
21684 21685
21685 21686
21686 21687
21687 21688
21688 21689
21689 21690
21692 21693
21694 21695
21697 21698
21698 21699
21699 21700
21700 21701
21701 21702
21702 21703
21703 21704
21705 21706
21707 21708
21708 21709
21709 21710
21710 21711
21711 21712
21712 21713
21713 21714
21714 21715
21716 21717
21717 21718
21718 21719
21719 21720
21720 21721
21721 21722
21722 21723
21723 21724
21724 21725
21726 21727
21728 21729
21729 21730
21730 21731
21731 21732
21733 21734
21734 21735
21735 21736
21738 21739
21739 21740
21741 21742
21743 21744
21744 21745
21745 21746
21746 21747
21747 21748
21748 21749
21749 21750
21750 21751
21753 21754
21755 21756
21756 21757
21757 21758
21759 21760
21760 21761
21762 21763
21763 21764
21766 21767
21768 21769
21769 21770
21770 21771
21771 21772
21772 21773
21774 21775
21775 21776
21779 21780
21780 21781
21781 21782
21782 21783
21784 21785
21785 21786
21787 21788
21789 21790
21790 21791
21791 21792
21792 21793
21794 21795
21795 21796
21797 21798
21799 21800
21801 21802
21802 21803
21803 21804
21804 21805
21805 22791
21806 21807
21807 21808
21808 21809
21810 21811
21811 21812
21812 21813
21814 21815
21815 21816
21817 21818
21818 21819
21819 21820
21821 21822
21822 21823
21823 23041
21824 21825
21825 21826
21829 21830
21830 21831
21832 21833
21833 21834
21834 21835
21835 21836
21836 21837
21837 21838
21838 21839
21840 21841
21841 21842
21842 21843
21844 21845
21845 21846
21846 21847
21848 21849
21849 21850
21850 21851
21851 21852
21854 21855
21855 21856
21856 21857
21858 21859
21859 21860
21860 21861
21861 21862
21862 21863
21863 21864
21864 21865
21866 21867
21867 21868
21868 21869
21869 21870
21870 21871
21874 21875
21878 21879
21880 21881
21881 21882
21883 21884
21885 21886
21886 21887
21888 21889
21889 21890
21890 21891
21891 21892
21892 21893
21893 21894
21894 21895
21897 21898
21898 21899
21899 21900
21900 21901
21901 21902
21902 21903
21903 21904
21904 21905
21905 21906
21907 21908
21909 21910
21910 21911
21912 21913
21913 21914
21914 21915
21915 21916
21917 21918
21918 21919
21921 21922
21922 21923
21923 21924
21924 21925
21925 21926
21926 22479
21927 21928
21928 21929
21930 21931
21931 21932
21932 21933
21933 21934
21935 21936
21936 21937
21938 21939
21939 21940
21940 21941
21941 21942
21942 21943
21943 21944
21947 21948
21949 21950
21950 21951
21951 21952
21952 21953
21953 21954
21955 21956
21957 21958
21958 21959
21960 21961
21962 21963
21964 21965
21966 21967
21967 21968
21969 21970
21971 21972
21972 21973
21973 21974
21975 21976
21978 21979
21979 21980
21981 21982
21982 21983
21984 21985
21985 21986
21988 21989
21989 21990
21990 21991
21991 21992
21993 21994
21994 21995
21995 21996
21996 21997
21998 21999
22000 22001
22001 22002
22003 22004
22004 22005
22005 22006
22006 25055
22007 22008
22008 22009
22009 22010
22010 22011
22011 22012
22013 22014
22014 22015
22016 22017
22016 25175
22017 27079
22018 22019
22019 22020
22021 22022
22022 22023
22024 22025
22026 22027
22027 22028
22028 22029
22031 26911
22032 22033
22033 22034
22037 22038
22038 22039
22040 22041
22041 22042
22043 22044
22045 22046
22048 22049
22049 23612
22050 22051
22051 22052
22053 22054
22054 22055
22055 22056
22056 22057
22057 22058
22058 22059
22060 22061
22061 22062
22066 22067
22067 22068
22068 22069
22069 22070
22073 22074
22074 22075
22075 22076
22076 22077
22078 22079
22079 22080
22080 22081
22082 22083
22084 22085
22085 22086
22087 22088
22089 22090
22090 22091
22091 22092
22093 22094
22094 22095
22096 22097
22097 22098
22100 22101
22102 22103
22103 22104
22104 22105
22106 22107
22107 22108
22108 22109
22110 22111
22112 22113
22114 22115
22116 22117
22117 22118
22118 22119
22121 22122
22123 22124
22125 22126
22127 22128
22130 22131
22132 22133
22133 22134
22134 22135
22135 22136
22136 22137
22137 22138
22139 22140
22142 26973
22143 22144
22144 22145
22146 22147
22147 22148
22148 27060
22149 22150
22150 22151
22152 22153
22153 22154
22155 22156
22156 22157
22157 22158
22159 22160
22162 22163
22163 22164
22165 22166
22166 22167
22167 22168
22169 22170
22170 22171
22172 22173
22173 22174
22174 22175
22176 22177
22178 22179
22179 22180
22180 22181
22182 22183
22183 22184
22184 22185
22186 22187
22187 22188
22188 22189
22189 22190
22191 22192
22192 22193
22193 22194
22195 22196
22197 22198
22198 22199
22199 22200
22201 22202
22203 22204
22205 22206
22206 22207
22207 22208
22208 22209
22210 22211
22211 22212
22213 22214
22214 22215
22215 22216
22216 22217
22217 22218
22218 22219
22219 22220
22219 26185
22221 22222
22222 22223
22223 22224
22225 26178
22226 22227
22227 22228
22228 22229
22230 22231
22233 22234
22234 22235
22235 22236
22238 22239
22240 22241
22242 22243
22243 22244
22246 22247
22249 22250
22251 22252
22252 22253
22253 22254
22254 22255
22255 22256
22256 22257
22257 22258
22258 22259
22260 22261
22262 22263
22264 22265
22265 22266
22266 22267
22267 22268
22268 22269
22269 22270
22274 22275
22275 22276
22276 22277
22278 22279
22282 22283
22283 22284
22286 22287
22288 22289
22289 22290
22291 22292
22292 22293
22294 22295
22295 22296
22296 22297
22297 22298
22298 22299
22299 22300
22301 22302
22302 22303
22304 22305
22305 22306
22306 22307
22308 22756
22309 22310
22309 22329
22310 22311
22312 22313
22313 22314
22315 22316
22316 22317
22320 22321
22321 22322
22322 22323
22324 22325
22325 22326
22326 22327
22327 22328
22329 22330
22330 22331
22331 22332
22332 22333
22334 22335
22337 22338
22338 22339
22340 22341
22341 22342
22342 22343
22344 22345
22347 22348
22349 22350
22351 22352
22354 22355
22355 22356
22356 22357
22357 22358
22359 22360
22360 22361
22361 22787
22362 22363
22364 22365
22365 22366
22366 22367
22368 22369
22369 22370
22372 22373
22374 22375
22376 22377
22377 22378
22379 22380
22380 22381
22381 22382
22382 22383
22383 22384
22384 22385
22385 22386
22386 22387
22387 22388
22388 22389
22389 22390
22390 22391
22391 22392
22392 22393
22393 22394
22395 22396
22396 22397
22397 22398
22399 22400
22400 22401
22402 22403
22403 22405
22404 22405
22405 25765
22405 24698
22406 22407
22407 22408
22409 22410
22410 22411
22412 22413
22413 22414
22414 22415
22416 22417
22417 22418
22418 22419
22419 22420
22420 22421
22422 22423
22424 22425
22426 22427
22429 22430
22430 22431
22432 22433
22433 22434
22434 22435
22436 22437
22438 22439
22440 22441
22441 22442
22442 22443
22444 22445
22446 22447
22449 22450
22452 22453
22453 22454
22455 22456
22456 22457
22457 22458
22458 22459
22459 22460
22461 22462
22462 22463
22467 22468
22468 22469
22471 22472
22472 22473
22473 22474
22474 22475
22475 22476
22477 22478
22478 22479
22480 22481
22481 22482
22482 22483
22483 22484
22484 22485
22487 22488
22488 22489
22490 22491
22493 22494
22495 22496
22499 22500
22500 22501
22502 22503
22503 22504
22504 22505
22505 22506
22507 22508
22509 22510
22511 22512
22513 22514
22514 22515
22515 22516
22518 22519
22519 22520
22520 22521
22521 22522
22522 22523
22524 22525
22525 22526
22526 22527
22527 22528
22528 22529
22529 22530
22530 22531
22531 22532
22532 25872
22533 22534
22534 22535
22535 22536
22536 22537
22537 22538
22539 22540
22540 22541
22541 22542
22542 22543
22544 22545
22544 26969
22545 22546
22547 22548
22548 22549
22549 22550
22552 22553
22554 22555
22555 22556
22556 25080
22557 22558
22561 22562
22562 22563
22563 22564
22564 22565
22567 22568
22568 22569
22570 22571
22571 22572
22572 22573
22573 22574
22575 22576
22576 22577
22577 22578
22578 22579
22581 22582
22582 22583
22583 22584
22584 22585
22586 22587
22587 22588
22589 22590
22590 22591
22593 22594
22594 23504
22596 22597
22599 22600
22600 22601
22602 22603
22603 22604
22605 22606
22606 22607
22607 23612
22608 22609
22609 22610
22610 22611
22613 26428
22614 22615
22617 22618
22618 22619
22619 22620
22621 22622
22622 22623
22623 22624
22624 22625
22625 22626
22626 22627
22627 22628
22628 22629
22630 22631
22631 22632
22633 22634
22637 22638
22639 22640
22641 22642
22642 22643
22644 22645
22646 22647
22647 22648
22649 22650
22650 22651
22651 22652
22653 22654
22654 22655
22656 22657
22657 22658
22659 22660
22660 22661
22661 22662
22662 22663
22664 22665
22666 22667
22667 22668
22668 22669
22669 22670
22670 22671
22671 22672
22672 22673
22673 26942
22673 23929
22674 22675
22676 22677
22677 22678
22678 22679
22679 22680
22681 22682
22682 22683
22685 22686
22686 22687
22687 22688
22688 22689
22690 22691
22691 22692
22692 22693
22693 22694
22695 22696
22696 22697
22698 22699
22701 22702
22702 22703
22703 22704
22704 22705
22705 22706
22706 22707
22707 22708
22709 22710
22712 22713
22713 22714
22714 22715
22715 22716
22716 22717
22717 22718
22718 22719
22719 22720
22720 22721
22722 22723
22723 22724
22725 22726
22726 22727
22730 22731
22732 22733
22733 22734
22734 22735
22736 22737
22737 22738
22738 22739
22739 22740
22741 22742
22742 22743
22744 22745
22745 22746
22747 22748
22748 22749
22751 22752
22753 22754
22755 22756
22756 22757
22758 22759
22759 22760
22761 22762
22762 22763
22763 22764
22764 22765
22765 22766
22766 22767
22767 22768
22769 22770
22770 22771
22771 22772
22772 26977
22773 22774
22775 22776
22776 22777
22779 22780
22780 22781
22782 22783
22785 22786
22786 22787
22788 22789
22790 22791
22791 22792
22792 23708
22793 22794
22795 22796
22797 22798
22798 22799
22800 22801
22802 22803
22803 25764
22804 22805
22806 22807
22808 22809
22809 22810
22810 22811
22811 22812
22812 22813
22817 22818
22818 22819
22819 22820
22821 22822
22824 22825
22825 22826
22826 22827
22827 22828
22828 22829
22830 22831
22833 22834
22835 22836
22835 26545
22836 22837
22837 22838
22838 22839
22840 22841
22841 22842
22842 22843
22844 22845
22845 22846
22848 22849
22849 22850
22851 22852
22852 22853
22855 22856
22856 22857
22858 22859
22859 22860
22860 22861
22861 22862
22863 22864
22864 22865
22866 22867
22867 22868
22868 22869
22869 22870
22870 22871
22872 22873
22873 22874
22875 22876
22876 22877
22877 22878
22878 22879
22880 22881
22882 22883
22884 22885
22886 22887
22887 22888
22888 22889
22891 22892
22892 22893
22894 22895
22895 22896
22896 22897
22899 22900
22901 22902
22903 22904
22904 22905
22905 22906
22908 22909
22909 22910
22911 22912
22912 22913
22914 22915
22915 22916
22916 22917
22917 22918
22918 22919
22919 22920
22920 22921
22921 22922
22922 22923
22924 22925
22926 22927
22928 22929
22930 22931
22932 22933
22934 22935
22935 22936
22936 22937
22939 22940
22940 22941
22941 22942
22943 22944
22944 22945
22945 22946
22946 22947
22948 22949
22950 22951
22952 22953
22953 22954
22956 22957
22958 22959
22959 22960
22960 22961
22961 22962
22965 22966
22967 22968
22968 22969
22969 22970
22970 22971
22971 22972
22972 22973
22973 22974
22974 22975
22975 22976
22976 22977
22978 22979
22979 22980
22980 25599
22981 22982
22983 22984
22984 22985
22986 22987
22988 22989
22989 22990
22991 22992
22993 22994
22995 22996
22997 22998
22998 22999
23000 23001
23001 23002
23002 23003
23003 25687
23004 23005
23005 23006
23007 23008
23008 23009
23009 23010
23010 23011
23011 23012
23012 23013
23013 24487
23014 23015
23017 23018
23018 23019
23020 23021
23021 23022
23022 23023
23024 23025
23026 23027
23027 23028
23028 23029
23029 23030
23031 23032
23032 23033
23033 23034
23034 23035
23036 23037
23037 23038
23038 23039
23040 23041
23042 23043
23046 23047
23047 23048
23049 23050
23050 23051
23052 23053
23054 23055
23056 23057
23059 23060
23061 23062
23062 25088
23063 23064
23064 23065
23065 23066
23066 23067
23067 23068
23069 23070
23070 23071
23072 23073
23073 23074
23075 23076
23077 23078
23078 23079
23080 23081
23083 23084
23084 23085
23085 23086
23086 23087
23087 23088
23089 23090
23090 23091
23092 23093
23093 23094
23095 23096
23097 23098
23098 23099
23099 26833
23100 23101
23102 23103
23103 23104
23105 23106
23106 23107
23107 23108
23108 23109
23110 23111
23111 23112
23115 23116
23116 23117
23118 23119
23120 23121
23123 23124
23124 23125
23125 23126
23126 23127
23127 23128
23128 23129
23129 23130
23130 23131
23132 23133
23133 23134
23134 23135
23135 23136
23136 23137
23137 23138
23138 23139
23140 23141
23141 23142
23142 23143
23143 23144
23144 23145
23146 23147
23147 23148
23149 23150
23150 23151
23151 23152
23153 23154
23154 23155
23156 23157
23157 23158
23158 23159
23159 23160
23160 23161
23161 23162
23163 23164
23165 23166
23166 23167
23167 23168
23169 23170
23170 23171
23173 23174
23174 23175
23175 23176
23178 23179
23180 23181
23182 23183
23184 23185
23185 23186
23187 23188
23188 23189
23189 23706
23190 23191
23191 23192
23194 23195
23195 23196
23199 23200
23201 23202
23204 23205
23205 23206
23207 23208
23208 23209
23210 23211
23211 23212
23212 23213
23213 23214
23215 23216
23217 23218
23218 23219
23219 23220
23221 23222
23222 23223
23224 23225
23226 23227
23228 23229
23230 23231
23231 23232
23235 23236
23236 23237
23238 23239
23240 23241
23241 23242
23243 23244
23245 23246
23246 23247
23249 23250
23250 23251
23251 23252
23252 23253
23253 26036
23254 23255
23255 23256
23257 23258
23258 23259
23260 23261
23261 23262
23263 23264
23264 23265
23266 23267
23267 23268
23268 23269
23269 23270
23270 23271
23271 23272
23275 23276
23276 23277
23278 23279
23280 23281
23281 23282
23282 23283
23283 23284
23284 27095
23285 23286
23286 23287
23287 26788
23288 23289
23289 23290
23291 23292
23293 23294
23294 23295
23295 23296
23298 23299
23300 23301
23301 23302
23303 23304
23304 23305
23305 23306
23306 26725
23308 23309
23309 23310
23310 23311
23311 23312
23312 23313
23313 23314
23314 23315
23315 23316
23316 23317
23317 23318
23319 23320
23320 23321
23321 23322
23323 23324
23324 23325
23326 23327
23327 23328
23329 23330
23330 23331
23331 23332
23332 23333
23333 23334
23334 23335
23335 23336
23336 23337
23339 23340
23341 23342
23342 26904
23343 23344
23344 23345
23346 23347
23348 23349
23349 23350
23350 23351
23351 23352
23353 23354
23355 23356
23355 25363
23356 23357
23358 23359
23360 23361
23361 23362
23363 23364
23364 23365
23366 23367
23369 23370
23370 23371
23371 23372
23372 23373
23374 23375
23375 23376
23378 23379
23379 23380
23380 23381
23382 23383
23384 23385
23385 23386
23386 23387
23388 23389
23390 23391
23391 23392
23393 23394
23394 23395
23395 23396
23398 23399
23399 23400
23401 23402
23402 23403
23404 23405
23405 23406
23406 23407
23407 23408
23409 23410
23410 23411
23411 23412
23412 23413
23414 23415
23415 23416
23418 23419
23420 23421
23422 23423
23423 23424
23424 23425
23425 23426
23426 23427
23428 23429
23429 23430
23430 23431
23431 23432
23433 23434
23434 23435
23436 23437
23437 23438
23440 23441
23441 23442
23442 23443
23443 23444
23445 23446
23446 23447
23447 23448
23448 23449
23449 23450
23450 23451
23451 23452
23453 23454
23455 23456
23456 23457
23458 23459
23460 23461
23461 23462
23463 23464
23464 23465
23465 23466
23466 23467
23467 26028
23469 23470
23470 23471
23471 23472
23472 23473
23473 23474
23474 23475
23475 23476
23477 23478
23478 23479
23480 23481
23482 23483
23483 23484
23484 23485
23486 23487
23487 23488
23489 23490
23492 23493
23493 23494
23494 23495
23495 23496
23497 23498
23498 23499
23499 23500
23501 23502
23502 23503
23503 23504
23506 23507
23507 23508
23508 23509
23509 23510
23511 23512
23513 23514
23516 23517
23517 23518
23519 23520
23521 23522
23522 23523
23523 23524
23524 23525
23525 23526
23527 23528
23528 23529
23529 23530
23530 23531
23531 23532
23532 23533
23535 23536
23536 23537
23537 23538
23538 23539
23539 23540
23540 23541
23542 23543
23543 23544
23545 23546
23546 26781
23548 23549
23549 23550
23551 23552
23552 23553
23553 23554
23554 23555
23555 23556
23556 26482
23557 23558
23558 23559
23559 23560
23560 23561
23562 23563
23565 23566
23566 23567
23567 23568
23569 23570
23569 25089
23570 23571
23571 23572
23573 23574
23575 23576
23578 23579
23579 23580
23581 23582
23583 23584
23584 23585
23585 23586
23588 23589
23589 23590
23592 23593
23593 23594
23595 23596
23596 23597
23597 23598
23598 23599
23600 23601
23601 26689
23602 23603
23604 23605
23605 23606
23606 23607
23608 23609
23609 23610
23611 23612
23613 23614
23614 23615
23616 23617
23618 23619
23619 23620
23620 23621
23621 23622
23622 23623
23625 23626
23626 23627
23628 23629
23630 23631
23637 23638
23641 23642
23642 23643
23644 23645
23645 23646
23646 23647
23649 23650
23652 23653
23653 23654
23657 23658
23658 23659
23659 23660
23660 23661
23661 23662
23664 23665
23665 23666
23666 23667
23667 23668
23668 23669
23669 23670
23670 23671
23674 23675
23676 23677
23677 23678
23678 23679
23682 23683
23683 23684
23684 23685
23690 23691
23691 23692
23692 23693
23693 23694
23696 23697
23697 23698
23699 23700
23701 23702
23702 27049
23703 23704
23704 23705
23706 23707
23707 23708
23709 23710
23710 23711
23712 23713
23713 23714
23716 23717
23718 23719
23719 26601
23721 23722
23723 23724
23726 23727
23727 23728
23733 23734
23735 23736
23736 23737
23737 23738
23738 23739
23740 23741
23741 23742
23744 23745
23746 23747
23750 23751
23753 23754
23758 23759
23759 23760
23761 23762
23762 23763
23763 23764
23765 23766
23766 23767
23770 23771
23771 23772
23773 23774
23774 23775
23776 23777
23778 23779
23782 23783
23783 23784
23784 23785
23786 23787
23787 23788
23788 23789
23790 23791
23791 23792
23792 23793
23796 23797
23798 23799
23800 23801
23803 23804
23804 23805
23805 23806
23806 23807
23807 23808
23808 23809
23809 23810
23810 23811
23811 23812
23813 23814
23815 23816
23817 23818
23818 23819
23819 23820
23820 23821
23821 23822
23822 23823
23825 23826
23827 23828
23829 23830
23832 23833
23833 23834
23834 23835
23836 23837
23839 23840
23840 23841
23842 23843
23843 23844
23844 23845
23846 23847
23847 23848
23849 23850
23850 23851
23851 23852
23854 23855
23855 23856
23857 23858
23859 23860
23860 23861
23861 23862
23862 23863
23863 23864
23865 23866
23866 23867
23867 23868
23868 23869
23870 23871
23872 23873
23876 23877
23877 23878
23879 23880
23881 23882
23883 23884
23884 23885
23890 23891
23891 23892
23892 23893
23893 23894
23895 23896
23896 23897
23897 23898
23898 23899
23900 23901
23901 23902
23902 23903
23903 23904
23905 23906
23907 23908
23909 23910
23911 23912
23912 23913
23914 23915
23915 23916
23918 23919
23919 23920
23920 23921
23922 23923
23924 23925
23925 23926
23926 23927
23927 23928
23928 23929
23929 26762
23930 23931
23933 23934
23934 23935
23937 23938
23938 23939
23940 23941
23941 23942
23943 23944
23945 23946
23946 23947
23947 23948
23949 23950
23950 23951
23952 23953
23954 23955
23956 23957
23958 23959
23959 23960
23961 23962
23962 23963
23963 23964
23964 23965
23965 23966
23967 23968
23968 23969
23970 23971
23971 23972
23972 23973
23974 23975
23978 23979
23979 23980
23980 23981
23981 23982
23983 23984
23984 23985
23986 23987
23987 23988
23990 23991
23994 23995
23995 23996
23997 23998
23998 23999
23999 24000
23999 26841
24001 24002
24003 24004
24004 24005
24006 24007
24007 24008
24009 24010
24011 24012
24012 24013
24014 24015
24015 24016
24016 24017
24017 24018
24018 24019
24021 24022
24022 24023
24023 24024
24024 24025
24025 24026
24028 24029
24029 24030
24030 24031
24031 24032
24032 24033
24033 24034
24034 24035
24035 24036
24036 24037
24038 24039
24039 24040
24041 24042
24043 24044
24044 24045
24045 24046
24046 24047
24047 24048
24048 27075
24048 26936
24049 24050
24051 24052
24053 24054
24056 24057
24063 24064
24065 24066
24068 24069
24069 24070
24071 24072
24072 24073
24073 24074
24075 24076
24076 24077
24077 24078
24079 24080
24080 24081
24083 24084
24085 24086
24087 24088
24088 24089
24089 24090
24090 24091
24093 24094
24094 24095
24096 24097
24098 24099
24099 24100
24101 24102
24102 24103
24104 24105
24106 24107
24107 24108
24109 24110
24110 24111
24111 24112
24114 24115
24115 24116
24117 24118
24119 24120
24120 24121
24121 24122
24122 24123
24124 24125
24125 24126
24127 24128
24128 24129
24130 24131
24131 24132
24133 24134
24135 24136
24136 24137
24138 24139
24139 24140
24141 24142
24143 24144
24147 24148
24148 24149
24152 24153
24155 24156
24156 24157
24160 24161
24161 24162
24162 24163
24166 24167
24167 24168
24168 24169
24171 24172
24173 24174
24174 24175
24175 24176
24177 24178
24178 24179
24179 24180
24181 24182
24182 24183
24186 24187
24188 24189
24189 24190
24190 24191
24191 24192
24192 24193
24193 24194
24194 24195
24195 24196
24196 24197
24199 24200
24203 24204
24204 24205
24206 24207
24207 24208
24208 24209
24211 24212
24212 24213
24214 24215
24215 24216
24216 24217
24218 24219
24219 24220
24222 24223
24223 24224
24224 24225
24225 24226
24227 24228
24230 24231
24231 24232
24232 24233
24235 24236
24236 24237
24237 24238
24238 24239
24239 24240
24241 24242
24243 24244
24247 24248
24249 24250
24250 24251
24251 24252
24253 24254
24254 24255
24255 24256
24256 24257
24257 24258
24258 24259
24260 24261
24261 24262
24262 24263
24265 24266
24266 24267
24267 24268
24268 24269
24270 24271
24272 25599
24273 24274
24275 24276
24277 24278
24278 24279
24280 24281
24286 24287
24288 24289
24289 24290
24292 24293
24296 24297
24297 24298
24298 24299
24300 24301
24301 24302
24302 24303
24303 24304
24304 24305
24306 24307
24309 24310
24312 24313
24315 24316
24316 24317
24318 24319
24319 24320
24320 24321
24321 24322
24325 24326
24326 24327
24328 24329
24329 24330
24331 24332
24332 24333
24333 24334
24335 24336
24336 24337
24337 24338
24338 24339
24340 24341
24341 24342
24342 24343
24345 24346
24347 24348
24348 24349
24349 24350
24350 24351
24351 24352
24352 24353
24354 24355
24357 24358
24359 24360
24362 24363
24365 24366
24366 24367
24367 24368
24369 24370
24370 24371
24372 24373
24373 24374
24375 24376
24378 24379
24379 24380
24381 24382
24382 24383
24383 24384
24385 24386
24386 24387
24387 24388
24388 24389
24389 24390
24390 24391
24392 24393
24393 24394
24394 24395
24395 24396
24397 24398
24399 24400
24404 24405
24405 24406
24406 24407
24408 24409
24410 24411
24411 24412
24414 24415
24415 24416
24416 24417
24421 24422
24422 24423
24423 24424
24426 24427
24427 24428
24428 24429
24429 24430
24431 24432
24433 24434
24434 24435
24435 24436
24437 24438
24438 24439
24440 24441
24441 24442
24442 24443
24444 24445
24447 24448
24449 24450
24450 24451
24452 24453
24454 24455
24455 24456
24457 24458
24460 24461
24461 24462
24463 24464
24464 24465
24467 24468
24469 24470
24470 24471
24471 24472
24472 24473
24474 24475
24475 24476
24477 24478
24478 24479
24479 24480
24480 24481
24483 24484
24484 24485
24485 24486
24486 24487
24488 24489
24490 24491
24493 24494
24497 24498
24498 24499
24500 26693
24502 24503
24504 24505
24505 24506
24507 24508
24508 24509
24509 24510
24511 24512
24512 24513
24513 24514
24515 24516
24516 24517
24517 24518
24518 24519
24519 24520
24520 24521
24523 24524
24525 24526
24527 24528
24529 24530
24530 24531
24531 24532
24532 24533
24536 24537
24537 24538
24539 24540
24540 24541
24541 24542
24543 24544
24544 24545
24547 24548
24548 26276
24549 24550
24550 24551
24551 24552
24552 24553
24554 24555
24555 24556
24556 24557
24558 24559
24560 24561
24561 24562
24562 24563
24564 24565
24565 24566
24566 24567
24567 24568
24568 24569
24569 24570
24570 25691
24571 24572
24573 24574
24575 24576
24576 24577
24577 24578
24578 24579
24579 24580
24580 24581
24582 24583
24584 24585
24587 24588
24588 24589
24591 24592
24593 24594
24595 24596
24598 24599
24599 24600
24600 24601
24601 24602
24602 24603
24604 24605
24606 24607
24607 24608
24608 24609
24609 24610
24612 24613
24614 24615
24615 24616
24617 24618
24618 24619
24619 24620
24621 24622
24623 24624
24625 24626
24626 24627
24628 24629
24629 24630
24631 24632
24632 24633
24633 26893
24634 24635
24636 24637
24640 24641
24641 24642
24642 24643
24644 24645
24645 24646
24647 24648
24649 24650
24650 24651
24651 24652
24652 24653
24654 24655
24655 24656
24657 24658
24658 24659
24659 24660
24661 24662
24662 24663
24665 24666
24666 24667
24667 24668
24668 24669
24670 24671
24671 24672
24672 24673
24675 24676
24676 24677
24677 24678
24679 24680
24680 24681
24682 24683
24683 24684
24687 24688
24688 24689
24690 24691
24692 24693
24693 24694
24695 24696
24696 24697
24697 24698
24701 24702
24702 24703
24704 24705
24705 24706
24706 24707
24707 24708
24709 24710
24710 24711
24714 24715
24715 24716
24718 24719
24719 24720
24720 24721
24721 24722
24723 24724
24726 24727
24728 24729
24730 24731
24733 24734
24735 24736
24736 24737
24738 24739
24740 24741
24743 24744
24744 24745
24745 24746
24747 24748
24748 24749
24750 24751
24751 24752
24755 24756
24758 24759
24760 24761
24761 24762
24762 24763
24763 24764
24766 24767
24769 24770
24770 24771
24772 24773
24774 24775
24775 24776
24777 24778
24779 24780
24780 24781
24782 24783
24783 24784
24785 24786
24786 24787
24787 24788
24790 24791
24791 24792
24792 24793
24794 24795
24795 24796
24798 24799
24800 24801
24803 24804
24805 24806
24806 24807
24808 24809
24809 24810
24812 24813
24814 24815
24816 24817
24817 24818
24820 24821
24822 24823
24824 24825
24827 24828
24828 24829
24830 24831
24832 24833
24833 24834
24835 24836
24836 24837
24837 24838
24838 24839
24841 24842
24842 24843
24843 24844
24845 24846
24846 24847
24847 24848
24849 24850
24850 24851
24851 24852
24852 24853
24853 24854
24855 24856
24856 24857
24857 24858
24858 24859
24859 24860
24861 24862
24862 24863
24864 24865
24865 24866
24867 24868
24868 24869
24870 24871
24871 24872
24873 24874
24875 24876
24876 24877
24880 24881
24882 24883
24884 24885
24885 24886
24887 24888
24890 24891
24892 24893
24895 24896
24898 24899
24900 24901
24902 24903
24903 24904
24906 24907
24907 24908
24908 24909
24910 24911
24914 24915
24915 24916
24917 24918
24919 24920
24922 24923
24923 24924
24925 24926
24927 24928
24928 24929
24930 24931
24933 24934
24934 24935
24936 24937
24938 24939
24940 24941
24941 24942
24944 24945
24945 24946
24947 24948
24949 24950
24950 24951
24953 24954
24954 24955
24955 24956
24956 24957
24958 24959
24959 24960
24960 24961
24961 24962
24963 26549
24964 24965
24966 24967
24967 24968
24968 27066
24968 25885
24969 24970
24970 24971
24972 24973
24974 24975
24975 24976
24977 24978
24978 24979
24980 24981
24981 24982
24984 24985
24985 24986
24987 24988
24988 24989
24989 24990
24990 24991
24991 27067
24992 24993
24994 24995
24996 24997
25000 25001
25002 25003
25006 25007
25007 25008
25011 25012
25012 25013
25013 25014
25016 25017
25018 25019
25020 25021
25022 25023
25024 25025
25025 25026
25026 25027
25028 25029
25029 25030
25030 25031
25031 25032
25032 25033
25033 25034
25034 25035
25035 25036
25036 25037
25040 25041
25041 25042
25043 25044
25046 25047
25047 25048
25049 25050
25050 25051
25052 25053
25053 25054
25054 25055
25054 26348
25056 25057
25057 25058
25058 25059
25059 25060
25061 25062
25062 25063
25066 25067
25067 25068
25068 25069
25070 25071
25071 25072
25072 26376
25076 25077
25078 25079
25079 25080
25081 25082
25082 25083
25083 25084
25084 25085
25086 25087
25087 25088
25088 25089
25089 27077
25091 25092
25094 25095
25094 26369
25095 25096
25096 25097
25098 25099
25099 25100
25100 25101
25101 25102
25102 25103
25103 25104
25104 25105
25105 25106
25107 25108
25108 25109
25109 25110
25110 25111
25111 25112
25112 25113
25114 25115
25116 25117
25118 25119
25121 25122
25122 25123
25123 25124
25125 25126
25126 25127
25127 25128
25129 25130
25130 25131
25131 25132
25132 25133
25136 25137
25138 25139
25140 25141
25141 25142
25142 25143
25145 25146
25147 25148
25148 25149
25150 25151
25152 25153
25153 25154
25155 25156
25157 25158
25159 25160
25162 25163
25164 25165
25165 25166
25167 25168
25169 25170
25171 25172
25171 25998
25172 25173
25175 25176
25176 25177
25177 25178
25181 25182
25184 25185
25186 25187
25187 25188
25189 25190
25191 25192
25192 25193
25193 25194
25194 25195
25196 25197
25197 25198
25199 25200
25201 25202
25203 25204
25204 25205
25205 25206
25206 25207
25207 25208
25208 25209
25210 25211
25211 25212
25213 25214
25214 25215
25215 25216
25216 25217
25218 25219
25219 25220
25221 25222
25223 25224
25224 25225
25225 25226
25227 25228
25230 25231
25233 25234
25234 25235
25237 25238
25239 25240
25241 25242
25242 25243
25243 25244
25245 25246
25249 25250
25250 25251
25252 25253
25254 25255
25255 25256
25258 25259
25260 25261
25261 25262
25262 25263
25268 25269
25271 25272
25274 25275
25276 25277
25280 25281
25282 25283
25284 25285
25286 25287
25288 25289
25289 25290
25291 25292
25292 25293
25294 25295
25295 25296
25296 25297
25297 25298
25298 25299
25299 25300
25300 25301
25301 25302
25304 25305
25305 25306
25308 25309
25309 25310
25311 25312
25312 25313
25313 25314
25314 25315
25315 25316
25318 25319
25320 25321
25322 25323
25323 25324
25325 25326
25326 25327
25331 25332
25332 25333
25333 25334
25335 25336
25337 25338
25338 25339
25340 25341
25341 25342
25342 26083
25343 25344
25344 26621
25345 25346
25348 25349
25350 25351
25351 25352
25353 25354
25355 25356
25356 25357
25357 25358
25360 25361
25361 25362
25362 25363
25364 25365
25368 25369
25369 25370
25371 25372
25373 25374
25374 25375
25375 25376
25377 25378
25378 25379
25380 25381
25383 25384
25385 25386
25386 25387
25388 25389
25389 25415
25391 25392
25392 25393
25394 25395
25395 25396
25397 25398
25398 25399
25399 25400
25400 27049
25404 25405
25406 25407
25408 25409
25409 25410
25410 25411
25412 25413
25414 25415
25416 25417
25417 25418
25419 25420
25420 25421
25421 25422
25424 25425
25426 25427
25427 25428
25429 26444
25431 25432
25432 25433
25433 25434
25434 25435
25437 25438
25440 25441
25441 25442
25444 25445
25445 25446
25446 25447
25449 25450
25450 25451
25451 25452
25452 26973
25453 25454
25454 25455
25455 25456
25456 25457
25457 25458
25459 25460
25460 25461
25461 25462
25464 25465
25466 25467
25467 25468
25474 25475
25477 25478
25480 25481
25482 25483
25485 25486
25486 25487
25487 25488
25488 25489
25489 25490
25491 25492
25492 25493
25493 25494
25494 25495
25495 25496
25496 25497
25498 25499
25500 25501
25501 25502
25503 25504
25504 25505
25506 25507
25507 25508
25509 25510
25510 25511
25512 25513
25513 25514
25515 25516
25516 25517
25518 25519
25519 25520
25521 25522
25522 25523
25523 25524
25525 26178
25526 25527
25527 25528
25528 25529
25529 25530
25532 25533
25534 25535
25535 25536
25538 25539
25541 25542
25542 25543
25544 25545
25546 25547
25549 25550
25551 25552
25553 25554
25555 25556
25556 25557
25558 25559
25561 25562
25565 25566
25568 25569
25569 25570
25573 25574
25575 25576
25577 25578
25579 25580
25581 25582
25584 25585
25586 25587
25587 25588
25589 25590
25590 25591
25591 25592
25594 25595
25596 25597
25597 25598
25598 25599
25600 25601
25605 25606
25608 25609
25609 25610
25610 25611
25614 25615
25615 25616
25619 25620
25620 25621
25622 25623
25625 25626
25630 25631
25631 25632
25632 25633
25634 25635
25635 25636
25636 25637
25638 25639
25640 25641
25641 25642
25647 25648
25648 25649
25649 25650
25650 25651
25651 25652
25653 25654
25655 25656
25656 25657
25658 25659
25662 25663
25664 25665
25666 25667
25668 25669
25671 25672
25672 25673
25675 25676
25677 25678
25678 25679
25680 25681
25681 25682
25682 25683
25683 25684
25684 25685
25686 25687
25688 25689
25690 25691
25692 25693
25694 25695
25695 25696
25696 25697
25697 25698
25698 25699
25700 25701
25701 25702
25703 25704
25705 25706
25706 25707
25707 25708
25708 25709
25710 25711
25712 25713
25713 25714
25716 25717
25720 25721
25722 25723
25723 25724
25724 25725
25725 25726
25726 25727
25728 25729
25731 25732
25732 25733
25734 25735
25736 25737
25737 25738
25738 25739
25741 25742
25744 25745
25750 25751
25751 25752
25753 25754
25755 25756
25756 25757
25758 25759
25760 25761
25764 25765
25767 25768
25770 25771
25771 25772
25772 25773
25773 25774
25775 25776
25777 25778
25780 25781
25782 25783
25786 25787
25789 25790
25793 25794
25794 25795
25797 25798
25798 25799
25800 25801
25804 25805
25805 26950
25807 25808
25809 25810
25810 25811
25812 25813
25818 25819
25820 25821
25822 25823
25823 25824
25827 25828
25828 25829
25829 25830
25830 25831
25834 25835
25837 25838
25841 25842
25842 25843
25843 25844
25844 25845
25846 25847
25848 25849
25851 25852
25852 25853
25853 25854
25856 25857
25858 25859
25859 25860
25860 25861
25861 25862
25866 25867
25868 25869
25870 25871
25870 26900
25870 27044
25871 25872
25873 25874
25875 25876
25876 25877
25879 25880
25880 25881
25884 25885
25885 26730
25886 25887
25888 25889
25889 25890
25891 25892
25892 25893
25893 25894
25894 25895
25895 25896
25896 26548
25897 25898
25899 25900
25903 25904
25904 25905
25906 25907
25907 25908
25908 25909
25911 25912
25913 25914
25915 25916
25916 25917
25917 25918
25919 25920
25920 25921
25921 25922
25923 25924
25924 25925
25925 25926
25926 25927
25927 25928
25932 25933
25933 25934
25936 25937
25938 25939
25939 25940
25941 25942
25943 25944
25944 25945
25946 25947
25947 25948
25948 25949
25949 25950
25950 25951
25951 25952
25954 25955
25958 25959
25959 25960
25960 25961
25963 25964
25964 25965
25965 25966
25967 25968
25969 25970
25970 25971
25971 25972
25972 26825
25972 26738
25973 25974
25974 25975
25976 25977
25977 25978
25979 25980
25980 25981
25982 25983
25983 25984
25985 25986
25988 25989
25990 25991
25992 25993
25994 25995
25996 25997
25997 25998
25999 26000
26001 26002
26003 26004
26005 26006
26011 26012
26013 26014
26014 26015
26020 26021
26022 26023
26023 26024
26028 26029
26029 26030
26030 26031
26032 26033
26034 26035
26035 26036
26036 26960
26038 26039
26041 26042
26043 26044
26044 26045
26045 26046
26046 26047
26049 26050
26053 26054
26054 26055
26056 26057
26060 26061
26063 26064
26065 26066
26066 26067
26066 26621
26068 26069
26069 26070
26070 26071
26071 26956
26072 26073
26074 26075
26075 26076
26076 26077
26078 26079
26080 26081
26083 26626
26083 27028
26084 26085
26086 26087
26087 26088
26090 26091
26093 26094
26094 26095
26095 26096
26097 26098
26098 26099
26099 26100
26100 26101
26101 26102
26104 26105
26108 26109
26110 26111
26115 26116
26118 26119
26120 26121
26123 26124
26125 26126
26126 26127
26129 26130
26130 26131
26131 26132
26132 26133
26137 26138
26139 26140
26140 26141
26142 26143
26143 26144
26144 26145
26145 26146
26149 26150
26152 26153
26153 26154
26155 26156
26156 26157
26157 26158
26159 26160
26161 26162
26165 26166
26166 26167
26169 26170
26172 26173
26175 26176
26176 26177
26177 26178
26179 26180
26182 26183
26183 26184
26184 26185
26186 26187
26189 26190
26193 26194
26205 26206
26210 26211
26211 26212
26214 26215
26215 26216
26216 26217
26219 26220
26220 26221
26224 26225
26226 26227
26227 26228
26228 26229
26229 26230
26230 26231
26231 26232
26232 26233
26237 26238
26240 26241
26243 26244
26246 26247
26247 26248
26249 26250
26250 26251
26251 26252
26253 26254
26255 26256
26257 26258
26258 26259
26259 26273
26260 26261
26262 26263
26264 26265
26265 26266
26266 26267
26267 26268
26269 26270
26271 26272
26272 26273
26273 26291
26275 26276
26276 26277
26279 26280
26279 26520
26279 26517
26280 26281
26281 26282
26282 26283
26285 26286
26288 26289
26289 26290
26290 26291
26292 26293
26296 26297
26297 26298
26299 26795
26300 26301
26302 26303
26304 26305
26305 26306
26308 26309
26310 26311
26316 26317
26319 26320
26320 26321
26321 26322
26323 26324
26326 26327
26329 26330
26332 26333
26333 26334
26334 26335
26335 26336
26336 27072
26338 26339
26344 26345
26346 26347
26347 26348
26349 26350
26350 26351
26353 26354
26354 26355
26355 26356
26360 26361
26364 26365
26365 26366
26371 26372
26373 26374
26374 26375
26375 26376
26376 26377
26378 26379
26380 26381
26381 26382
26382 26383
26385 26386
26387 26388
26389 26390
26392 26393
26393 26394
26394 26395
26396 26397
26403 26404
26407 26408
26409 26410
26410 26411
26411 26412
26412 26413
26414 26415
26415 26416
26417 26418
26418 26419
26423 26424
26425 26426
26426 26427
26427 26428
26429 26430
26431 26432
26433 26434
26435 26436
26438 26439
26439 26440
26443 26444
26444 27050
26445 26446
26449 26972
26450 26451
26458 26459
26459 26460
26460 27088
26461 26462
26462 26463
26467 26468
26470 26471
26472 26473
26480 26481
26481 26482
26481 26883
26482 27034
26486 26487
26488 26489
26490 26491
26492 26493
26493 26494
26494 26495
26496 26497
26497 26498
26500 26501
26501 26502
26505 26506
26510 26511
26511 26512
26512 26513
26514 26515
26515 26516
26516 26517
26519 26520
26532 26533
26538 26539
26540 26541
26542 26543
26546 26547
26547 26548
26548 26549
26550 26551
26553 26554
26554 26555
26556 26557
26559 26560
26566 26567
26568 26569
26570 26571
26571 26572
26572 26573
26573 26574
26574 26905
26574 27057
26576 26577
26580 26581
26581 26582
26582 26583
26586 26587
26587 26588
26588 26589
26589 27085
26590 26591
26592 26593
26598 26599
26601 26602
26603 26604
26607 26608
26608 26609
26609 26610
26614 26615
26615 26616
26617 26618
26618 26619
26623 26624
26624 26625
26625 26626
26627 26628
26629 26630
26637 26638
26639 26640
26640 26641
26642 26643
26643 26644
26644 26645
26646 26647
26648 26649
26651 26652
26652 26653
26653 26654
26654 26655
26662 26663
26663 26664
26666 26667
26668 26669
26673 26674
26674 26675
26676 26677
26678 26679
26681 26682
26682 26683
26686 26687
26687 26688
26689 26786
26691 26692
26697 26698
26699 26700
26700 26701
26701 26702
26705 26706
26706 26707
26707 26708
26709 26710
26711 26712
26712 26713
26714 26715
26715 26716
26719 26720
26720 26721
26722 26723
26724 26725
26725 27082
26732 26733
26733 26734
26734 26735
26735 26736
26737 26738
26739 26740
26742 26743
26745 26746
26749 26750
26753 26754
26755 26756
26757 26758
26763 26764
26764 26765
26765 26766
26766 26767
26769 26770
26771 26772
26776 26777
26778 26779
26783 26784
26790 26791
26791 26792
26797 26798
26801 26802
26803 26804
26811 26812
26813 26814
26814 26815
26816 26817
26818 26819
26820 26821
26822 26823
26824 26825
26825 26935
26826 26827
26827 26828
26828 26829
26830 26831
26831 26832
26832 26833
26836 26837
26838 26839
26841 26842
26842 26952
26842 27061
26844 26845
26845 26846
26848 26849
26849 26850
26851 26852
26852 26853
26854 26855
26857 26858
26858 26859
26864 26865
26865 26866
26868 26869
26869 26870
26879 26880
26881 26882
26882 26883
26885 26886
26886 26887
26887 26888
26890 26891
26891 26892
26893 26894
26894 26895
26895 27094
26898 26899
26903 26904
26904 26905
26906 26907
26907 26908
26910 26911
26911 26912
26912 26913
26915 26916
26917 26918
26926 26927
26927 26928
26933 26934
26938 26939
26940 27037
26943 26944
26950 26951
26955 27084
26956 26957
26957 26958
26959 26960
27001 27002
27010 27011
27015 27016
27020 27021
27027 27028
27029 27050
27035 27036
27036 27037
27039 27040
27040 27094
27056 27057
27057 27085
27059 27060
27060 27061
27062 27063
27064 27065
27078 27079
27080 27081
27081 27082
27086 27087
27091 27092
27092 27093
27093 27095
27094 27095
